--
-- PostgreSQL database dump
--

\restrict wIlQu8hHg0PHDcPBGiRNoPD2dK0ZTTfFHbxbhL3qUf33aTad9PSJLh2qPN3xS7P

-- Dumped from database version 16.13
-- Dumped by pg_dump version 16.13

SET statement_timeout = 0;
SET lock_timeout = 0;
SET idle_in_transaction_session_timeout = 0;
SET client_encoding = 'UTF8';
SET standard_conforming_strings = on;
SELECT pg_catalog.set_config('search_path', '', false);
SET check_function_bodies = false;
SET xmloption = content;
SET client_min_messages = warning;
SET row_security = off;

--
-- Name: InvoiceStatus; Type: TYPE; Schema: public; Owner: postgres
--

CREATE TYPE public."InvoiceStatus" AS ENUM (
    'UNPAID',
    'PARTIAL',
    'PAID'
);


ALTER TYPE public."InvoiceStatus" OWNER TO postgres;

--
-- Name: ItemType; Type: TYPE; Schema: public; Owner: postgres
--

CREATE TYPE public."ItemType" AS ENUM (
    'FRAME',
    'LENS',
    'ACCESSORY'
);


ALTER TYPE public."ItemType" OWNER TO postgres;

--
-- Name: OrderStatus; Type: TYPE; Schema: public; Owner: postgres
--

CREATE TYPE public."OrderStatus" AS ENUM (
    'NEW',
    'IN_PROGRESS',
    'READY',
    'DELIVERED'
);


ALTER TYPE public."OrderStatus" OWNER TO postgres;

--
-- Name: Role; Type: TYPE; Schema: public; Owner: postgres
--

CREATE TYPE public."Role" AS ENUM (
    'ADMIN',
    'EMPLOYEE'
);


ALTER TYPE public."Role" OWNER TO postgres;

SET default_tablespace = '';

SET default_table_access_method = heap;

--
-- Name: Customer; Type: TABLE; Schema: public; Owner: postgres
--

CREATE TABLE public."Customer" (
    id text NOT NULL,
    name text,
    phone text,
    email text,
    "dateOfBirth" timestamp(3) without time zone,
    address text,
    notes text,
    "createdAt" timestamp(3) without time zone DEFAULT CURRENT_TIMESTAMP NOT NULL,
    "updatedAt" timestamp(3) without time zone NOT NULL,
    "parentId" text
);


ALTER TABLE public."Customer" OWNER TO postgres;

--
-- Name: Examination; Type: TABLE; Schema: public; Owner: postgres
--

CREATE TABLE public."Examination" (
    id text NOT NULL,
    "customerId" text NOT NULL,
    doctor text,
    date timestamp(3) without time zone DEFAULT CURRENT_TIMESTAMP NOT NULL,
    "rightSph" double precision,
    "rightCyl" double precision,
    "rightAxis" integer,
    "leftSph" double precision,
    "leftCyl" double precision,
    "leftAxis" integer,
    add double precision,
    ipd double precision,
    height double precision,
    notes text,
    "createdAt" timestamp(3) without time zone DEFAULT CURRENT_TIMESTAMP NOT NULL,
    "updatedAt" timestamp(3) without time zone NOT NULL
);


ALTER TABLE public."Examination" OWNER TO postgres;

--
-- Name: InventoryItem; Type: TABLE; Schema: public; Owner: postgres
--

CREATE TABLE public."InventoryItem" (
    id text NOT NULL,
    type public."ItemType" NOT NULL,
    brand text,
    model text,
    color text,
    material text,
    "lensType" text,
    coating text,
    "lensIndex" double precision,
    category text,
    price double precision DEFAULT 0 NOT NULL,
    quantity integer DEFAULT 0 NOT NULL,
    sku text,
    notes text,
    "createdAt" timestamp(3) without time zone DEFAULT CURRENT_TIMESTAMP NOT NULL,
    "updatedAt" timestamp(3) without time zone NOT NULL
);


ALTER TABLE public."InventoryItem" OWNER TO postgres;

--
-- Name: Invoice; Type: TABLE; Schema: public; Owner: postgres
--

CREATE TABLE public."Invoice" (
    id text NOT NULL,
    "customerId" text NOT NULL,
    "totalAmount" double precision NOT NULL,
    "paidAmount" double precision DEFAULT 0 NOT NULL,
    "paymentMethod" text,
    status public."InvoiceStatus" DEFAULT 'UNPAID'::public."InvoiceStatus" NOT NULL,
    notes text,
    "createdAt" timestamp(3) without time zone DEFAULT CURRENT_TIMESTAMP NOT NULL,
    "updatedAt" timestamp(3) without time zone NOT NULL,
    "createdById" text
);


ALTER TABLE public."Invoice" OWNER TO postgres;

--
-- Name: Order; Type: TABLE; Schema: public; Owner: postgres
--

CREATE TABLE public."Order" (
    id text NOT NULL,
    "customerId" text NOT NULL,
    "examinationId" text,
    status public."OrderStatus" DEFAULT 'NEW'::public."OrderStatus" NOT NULL,
    notes text,
    "createdAt" timestamp(3) without time zone DEFAULT CURRENT_TIMESTAMP NOT NULL,
    "updatedAt" timestamp(3) without time zone NOT NULL,
    "invoiceId" text,
    "createdById" text
);


ALTER TABLE public."Order" OWNER TO postgres;

--
-- Name: OrderItem; Type: TABLE; Schema: public; Owner: postgres
--

CREATE TABLE public."OrderItem" (
    id text NOT NULL,
    "orderId" text NOT NULL,
    "inventoryItemId" text,
    "customItemName" text,
    quantity integer DEFAULT 1 NOT NULL,
    price double precision NOT NULL,
    notes text
);


ALTER TABLE public."OrderItem" OWNER TO postgres;

--
-- Name: Payment; Type: TABLE; Schema: public; Owner: postgres
--

CREATE TABLE public."Payment" (
    id text NOT NULL,
    "invoiceId" text NOT NULL,
    amount double precision NOT NULL,
    method text NOT NULL,
    date timestamp(3) without time zone DEFAULT CURRENT_TIMESTAMP NOT NULL,
    notes text
);


ALTER TABLE public."Payment" OWNER TO postgres;

--
-- Name: User; Type: TABLE; Schema: public; Owner: postgres
--

CREATE TABLE public."User" (
    id text NOT NULL,
    name text NOT NULL,
    email text NOT NULL,
    "passwordHash" text NOT NULL,
    role public."Role" DEFAULT 'EMPLOYEE'::public."Role" NOT NULL,
    "isActive" boolean DEFAULT true NOT NULL,
    "createdAt" timestamp(3) without time zone DEFAULT CURRENT_TIMESTAMP NOT NULL,
    "updatedAt" timestamp(3) without time zone NOT NULL
);


ALTER TABLE public."User" OWNER TO postgres;

--
-- Name: _prisma_migrations; Type: TABLE; Schema: public; Owner: postgres
--

CREATE TABLE public._prisma_migrations (
    id character varying(36) NOT NULL,
    checksum character varying(64) NOT NULL,
    finished_at timestamp with time zone,
    migration_name character varying(255) NOT NULL,
    logs text,
    rolled_back_at timestamp with time zone,
    started_at timestamp with time zone DEFAULT now() NOT NULL,
    applied_steps_count integer DEFAULT 0 NOT NULL
);


ALTER TABLE public._prisma_migrations OWNER TO postgres;

--
-- Data for Name: Customer; Type: TABLE DATA; Schema: public; Owner: postgres
--

COPY public."Customer" (id, name, phone, email, "dateOfBirth", address, notes, "createdAt", "updatedAt", "parentId") FROM stdin;
cmotzza0f0002vk55lm5qz3su	nooriya abdul azees	66760188	\N	\N	\N	for reading	2026-05-06 11:52:17.775	2026-05-06 11:52:17.775	\N
cmou7niq0000yvk55jp7czsl3	SHAHED	99628970	\N	\N	\N	\N	2026-05-06 15:27:06.12	2026-05-06 15:27:06.12	\N
cmou823fc0016vk55mv9pxraf	KHALID	99602605	\N	\N	\N	\N	2026-05-06 15:38:26.136	2026-05-06 15:38:26.136	\N
cmouae5v7001fvk552wegvc9k	MOHMED AL WOZAM	97878323	\N	\N	\N	\N	2026-05-06 16:43:48.403	2026-05-06 16:56:06.967	\N
cmovryzx50000vw555cs4futu	ESRA	99065751	\N	\N	\N	\N	2026-05-07 17:43:40.121	2026-05-07 17:43:40.121	\N
cmox8rzqi0003j055bnvvn5a5	mohiy	99065756541	suhinavasby@gmail.com	\N	\N	\N	2026-05-08 18:21:52.938	2026-05-09 16:41:27.634	\N
cmozy198l00130g55uhm4yvzo	SALAH AL NAJJAH	99575705	\N	\N	\N	\N	2026-05-10 15:44:27.909	2026-05-10 15:44:27.909	\N
cmp2f9eg400004o555aojkr4g	abrar	65616156	\N	\N	\N	\N	2026-05-12 09:22:13.733	2026-05-12 09:22:13.733	\N
cmp2uxma8001i4o55shj7ig4n	NAWAL AL  KULAIN	66613033	\N	\N	\N	\N	2026-05-12 16:40:57.872	2026-05-12 16:40:57.872	\N
cmp3rd0oo000n28554ytzv51t	ABDULLA	99015444	\N	\N	\N	\N	2026-05-13 07:48:44.088	2026-05-13 07:48:44.088	\N
cmp4bay1900172855ayv7gbo9	FEDIDA/	65078799	\N	\N	\N	\N	2026-05-13 17:06:59.661	2026-05-13 17:06:59.661	\N
cmp5omnti00007855014vws34	UM FAHED	94966296	\N	\N	\N	\N	2026-05-14 16:07:47.478	2026-05-14 16:07:47.478	\N
cmp5s2zas00067855gelhxaar	SHEEBA	97524722	\N	\N	\N	\N	2026-05-14 17:44:27.7	2026-05-14 17:44:27.7	\N
cmpbbo47300018c55474ypz2v	RASHID	99682567	\N	\N	\N	\N	2026-05-18 14:51:37.407	2026-05-18 14:51:37.407	\N
cmpcgymun00004c55huru2ai0	MARIYAM	99034660	\N	\N	\N	\N	2026-05-19 10:07:32.4	2026-05-19 10:07:32.4	\N
cmph8744p000jn055muppwj53	MUSAHID AL SAID VIP	99630777	\N	\N	\N	\N	2026-05-22 18:01:02.377	2026-05-24 12:10:59.201	\N
cmpcwpecg00084c55anm47qld	LULU CL(BELLA)	99883202	\N	\N	\N	\N	2026-05-19 17:28:15.328	2026-05-19 17:28:15.328	\N
cmpcwujqy000a4c55taekna93	MUNA CL(BELLA)	60997667	\N	\N	\N	SIREN BRONZ	2026-05-19 17:32:15.61	2026-05-19 17:32:15.61	\N
cmpcxm83k000d4c55qd2ik4hj	ADHHAND	60036000	\N	\N	\N	\N	2026-05-19 17:53:46.88	2026-05-19 17:53:46.88	\N
cmpd01cnj000m4c55d9kbtxpj	MOHAMMED	94411744	\N	\N	\N	\N	2026-05-19 19:01:31.855	2026-05-19 19:01:31.855	\N
cmpdpotvd0000e855jhcl7clq	mohsen cl	55523255	\N	\N	\N	\N	2026-05-20 06:59:37.657	2026-05-20 07:00:03.138	\N
cmpdpst9q0002e855em5goj9w	dalal mandani	60667710	\N	\N	\N	\N	2026-05-20 07:02:43.502	2026-05-20 07:02:43.502	\N
cmpdw8d0u0004e8559wfce30h	AMLAH	51600700	\N	\N	\N	\N	2026-05-20 10:02:46.638	2026-05-20 10:02:46.638	\N
cmpdwrqos0008e855rmpgrace	MARIAM	55770500	\N	\N	\N	\N	2026-05-20 10:17:50.812	2026-05-20 10:17:50.812	\N
cmpdyysph000ge8558ylil4zu	WALEED AL SULTHAN	99783978	\N	\N	\N	\N	2026-05-20 11:19:19.254	2026-05-20 11:19:19.254	\N
cmpdz4o3j000ie855ukla2f7w	LATHEEFA ABDULLAH	97810397	\N	\N	\N	\N	2026-05-20 11:23:53.215	2026-05-20 11:23:53.215	\N
cmpf66o7q0000t45528rgsv1b	ELINDA	55248896	\N	\N	\N	\N	2026-05-21 07:29:10.166	2026-05-21 07:29:10.166	\N
cmpf6auqh0002t4553sg0m53j	SHAKER EINAN	66767303	\N	\N	\N	\N	2026-05-21 07:32:25.241	2026-05-21 07:32:25.241	\N
cmpf6e5q60004t45589snvijr	ALIM	97552624	\N	\N	\N	\N	2026-05-21 07:34:59.454	2026-05-21 07:34:59.454	\N
cmpf6l6zo0006t455lacf3gla	AZIZ	66835559	\N	\N	\N	\N	2026-05-21 07:40:27.684	2026-05-21 07:40:27.684	\N
cmpf6nkqw0008t455nqtt362x	ABDULLAH	99963336	\N	\N	\N	\N	2026-05-21 07:42:18.824	2026-05-21 07:42:18.824	\N
cmpf6pom3000at455l2tba0uk	SABIKA YOUSUF	90010742	\N	\N	\N	\N	2026-05-21 07:43:57.147	2026-05-21 07:43:57.147	\N
cmpf6t0cf000ct4550gnhd6kv	SALAH HAMADAH	99644696	\N	\N	\N	\N	2026-05-21 07:46:32.319	2026-05-21 07:46:32.319	\N
cmpf6x4cx000et455koyrgypb	ABDUL AZIZ	97356989	\N	\N	\N	97356989 (ABDUL RAHMAN)	2026-05-21 07:49:44.145	2026-05-21 07:49:44.145	\N
cmpf70r93000gt455h1zw37zc	BASIL ABDULLA	99641414	\N	\N	\N	\N	2026-05-21 07:52:33.783	2026-05-21 07:52:33.783	\N
cmpf76qig000it455o9xf9myp	ALI THALIB	50067002	\N	\N	\N	\N	2026-05-21 07:57:12.76	2026-05-21 07:57:12.76	\N
cmpf7ap67000kt455gwtxd776	EESA	99955790	\N	\N	\N	\N	2026-05-21 08:00:17.647	2026-05-21 08:00:17.647	\N
cmpfcua7m000mt455bwpdjbo1	AHAMMED	99589022	\N	\N	\N	\N	2026-05-21 10:35:29.458	2026-05-21 10:35:29.458	\N
cmpfdexrg000tt455oc4cqh0v	KHALI AL MISHAL	97778833	\N	\N	\N	\N	2026-05-21 10:51:33.1	2026-05-21 10:51:33.1	\N
cmpfdk994000vt455j60ym5qp	AMAL	90009722	\N	\N	\N	\N	2026-05-21 10:55:41.272	2026-05-21 10:55:41.272	\N
cmpfdq8s2000xt455i8c87980	MUNEERA	68887811	\N	\N	\N	\N	2026-05-21 11:00:20.594	2026-05-21 11:00:20.594	\N
cmpfe0421000zt4557623x0g7	SAMYEH	99017680	\N	\N	\N	\N	2026-05-21 11:08:01.033	2026-05-21 11:08:01.033	\N
cmpfe43uo0011t455wkibfe1p	ABDULL AL SIMAN	99611292	\N	\N	\N	\N	2026-05-21 11:11:07.392	2026-05-21 11:11:07.392	\N
cmpfean1c0013t455891z1yio	SULAIMAN	66569339	\N	\N	\N	\N	2026-05-21 11:16:12.192	2026-05-21 11:16:12.192	\N
cmpfegz8g0015t455j0oqsg0z	USAF	99847424	\N	\N	\N	\N	2026-05-21 11:21:07.936	2026-05-21 11:21:07.936	\N
cmpfelq5e0017t455rqac3sei	HIBA	979631119	\N	\N	\N	\N	2026-05-21 11:24:49.442	2026-05-21 11:24:49.442	\N
cmpfenyi30019t455yococ8vr	RASHID	96668659	\N	\N	\N	\N	2026-05-21 11:26:33.579	2026-05-21 11:26:33.579	\N
cmpfrjedx001nt455o0gq49sr	FAJER	55577372	\N	\N	\N	\N	2026-05-21 17:26:55.893	2026-05-21 17:26:55.893	\N
cmpgyi0n10000n055rkpk09co	ELAL HAMAD	99138862	\N	\N	\N	\N	2026-05-22 13:29:34.909	2026-05-22 13:29:34.909	\N
cmpgymcjq0002n055s7dapvjj	NOORA (CL)	95535049	\N	\N	\N	\N	2026-05-22 13:32:56.966	2026-05-22 13:32:56.966	\N
cmpgyos7y0004n0550x7cyaak	MUTHANNA	978072227	\N	\N	\N	\N	2026-05-22 13:34:50.59	2026-05-22 13:34:50.59	\N
cmpgyqlxk0006n0551qhft6zd	KATHYN	66943471	\N	\N	\N	\N	2026-05-22 13:36:15.752	2026-05-22 13:36:15.752	\N
cmpgytvpl0008n0556u0j0r85	RAWAN (CL)	989144164	\N	\N	\N	\N	2026-05-22 13:38:48.393	2026-05-22 13:38:48.393	\N
cmpgyy6uu000an055t81yihzr	MANAL	99050913	\N	\N	\N	\N	2026-05-22 13:42:09.462	2026-05-22 13:42:09.462	\N
cmpgz0kkq000cn055qvd0c4cw	MARY JANE	97141808	\N	\N	\N	\N	2026-05-22 13:44:00.554	2026-05-22 13:44:00.554	\N
cmpgz29sd000en0556v7eaqvb	MYATH	66973840	\N	\N	\N	\N	2026-05-22 13:45:19.885	2026-05-22 13:45:19.885	\N
cmph84u2c000hn055k6dkf8hf	AHAMMED ABDULLA	99824904	\N	\N	\N	\N	2026-05-22 17:59:16.02	2026-05-22 17:59:16.02	\N
cmph89x2i000ln055yqw1lod1	PATHMAVATHI	97153546	\N	\N	\N	\N	2026-05-22 18:03:13.194	2026-05-22 18:03:13.194	\N
cmph8d9uj000nn0551lejcf4q	NORA	97493182	\N	\N	\N	\N	2026-05-22 18:05:49.723	2026-05-22 18:05:49.723	\N
cmph8pmob000sn0555s0m93w0	FATHOOH ABDULLA	99807847	\N	\N	\N	\N	2026-05-22 18:15:26.219	2026-05-22 18:15:26.219	\N
cmph8ramz000un055kbur5lkw	ABDULLAH	99227888	\N	\N	\N	\N	2026-05-22 18:16:43.931	2026-05-22 18:16:43.931	\N
cmph8sr8f000wn055zpql385a	UM NASSER	97303022	\N	\N	\N	\N	2026-05-22 18:17:52.095	2026-05-22 18:17:52.095	\N
cmphzsnec0000vw551k25syc7	um faizal	55014942	\N	\N	\N	\N	2026-05-23 06:53:36.756	2026-05-23 06:53:36.756	\N
cmphzwdc90002vw55w035mz9r	yousef	98544458	\N	\N	\N	\N	2026-05-23 06:56:30.345	2026-05-23 06:56:30.345	\N
cmphzzlfo0004vw551alo6q90	om shoq	99355520	\N	\N	\N	\N	2026-05-23 06:59:00.804	2026-05-23 06:59:00.804	\N
cmpi020du0006vw55k72tshe1	layla	97945148	\N	\N	\N	\N	2026-05-23 07:00:53.49	2026-05-23 07:00:53.49	\N
cmpi1lkbn0008vw555wbb1vfz	ERIN	65578294	\N	\N	\N	\N	2026-05-23 07:44:05.412	2026-05-23 07:44:05.412	\N
cmpi1pfie000avw555ajbjluc	JASSIM	66255062	\N	\N	\N	\N	2026-05-23 07:47:05.798	2026-05-23 07:47:05.798	\N
cmpi1zw8q000cvw55wh8xzhcy	DR.SAMEH AL ANSARI	99378957	\N	\N	\N	\N	2026-05-23 07:55:14.042	2026-05-23 07:55:14.042	\N
cmpi23ys6000evw55ml26wsly	SHAREEFA	99594017	\N	\N	\N	\N	2026-05-23 07:58:23.958	2026-05-23 07:58:23.958	\N
cmpi282gw000gvw5511bm8399	AMANI	99703788	\N	\N	\N	\N	2026-05-23 08:01:35.36	2026-05-23 08:01:35.36	\N
cmpdyt4l8000ee855pwppgai1	AHAMMED VIP	99025146	\N	\N	\N	\N	2026-05-20 11:14:54.716	2026-05-24 11:58:56.286	\N
cmpflu24f001dt4554ws280ve	FAISAL ABDULLAH VIP	94951100	\N	\N	\N	\N	2026-05-21 14:47:15.519	2026-05-24 12:03:52.451	\N
cmou863o00019vk55nwawt8rx	ALI ABDULLAH vip cl	99027478	\N	\N	\N	\N	2026-05-06 15:41:33.072	2026-06-16 10:38:10.008	\N
cmph8g7tk000pn05551me1dg1	HESSA VIP	99433816	\N	\N	\N	\N	2026-05-22 18:08:07.064	2026-05-24 12:08:07.653	\N
cmoyd1ucz000268554u352rk0	sulthan al sulthan VIP	99727273	\N	\N	\N	\N	2026-05-09 13:09:17.171	2026-05-24 12:09:15.018	\N
cmpcw04lv00064c55cfmn5a2h	REEM CL VIP	99042323	\N	\N	\N	\N	2026-05-19 17:08:36.307	2026-05-24 12:09:57.486	\N
cmp45xc7r000x2855cndhtmk6	ADIL VIP	99467706	\N	\N	\N	\N	2026-05-13 14:36:26.775	2026-06-08 17:05:33.407	\N
cmpi53eq8000kvw55gdnekcg0	NAJEEB	99303313	\N	\N	\N	\N	2026-05-23 09:21:56.816	2026-05-23 09:21:56.816	\N
cmpi9lsqg000mvw55kjnwiol5	LAILA	99022977	\N	\N	\N	\N	2026-05-23 11:28:13.24	2026-05-23 11:28:13.24	\N
cmpieso63000svw55yo7de9gv	MEHA	99966517	\N	\N	\N	\N	2026-05-23 13:53:31.995	2026-05-23 13:53:31.995	\N
cmpijtbwt0001js55cido69rb	zebeaka	97445534	\N	\N	\N	\N	2026-05-23 16:14:00.845	2026-05-23 16:14:00.845	\N
cmpjftfmr0000hw554l60xksa	ALI	95568293	\N	\N	\N	\N	2026-05-24 07:09:53.379	2026-05-24 07:09:53.379	\N
cmpjfuxbk0002hw554jnguguz	ADIL	66000858	\N	\N	\N	\N	2026-05-24 07:11:02.96	2026-05-24 07:11:02.96	\N
cmpjfyrx40004hw553vq0qsky	ZAINAB	99300606	\N	\N	\N	\N	2026-05-24 07:14:02.584	2026-05-24 07:14:02.584	\N
cmpjg1x090006hw55hf861sdm	Dr. FAISAL SULAIMAN	91111310	\N	\N	\N	\N	2026-05-24 07:16:29.145	2026-05-24 07:16:29.145	\N
cmpjg8yjc0009hw55n7k6fj3g	FOUZAN	90031339	\N	\N	\N	\N	2026-05-24 07:21:57.72	2026-05-24 07:21:57.72	\N
cmpjgchl6000bhw55b332k9ho	QUIS ABDUL RAHMAN	99077499	\N	\N	\N	\N	2026-05-24 07:24:42.378	2026-05-24 07:24:42.378	\N
cmpjgfcq5000dhw55jlq19xu9	MISHERI ALI HARBI	99610807	\N	\N	\N	\N	2026-05-24 07:26:56.045	2026-05-24 07:26:56.045	\N
cmpjggv47000fhw55xc8kah2x	MUHAMMED FARHAN	99607075	\N	\N	\N	\N	2026-05-24 07:28:06.535	2026-05-24 07:28:06.535	\N
cmpjgiaso000hhw55cumq6jo2	HASSEN	67795045	\N	\N	\N	\N	2026-05-24 07:29:13.512	2026-05-24 07:29:13.512	\N
cmpjgjprt000jhw55wa7v02mp	AHAMMED	50968822	\N	\N	\N	\N	2026-05-24 07:30:19.577	2026-05-24 07:30:19.577	\N
cmpjgm4wy000lhw55sjdt3mw6	ABDULLAH AZEEZ	97950750	\N	\N	\N	\N	2026-05-24 07:32:12.514	2026-05-24 07:32:12.514	\N
cmpjgqrk0000nhw553wk3o2a9	DAEIJ	97123288	\N	\N	\N	\N	2026-05-24 07:35:48.48	2026-05-24 07:35:48.48	\N
cmpio2ndc000gjs55qqn9881p	rekkan VIP	99966517 2	\N	\N	\N	\N	2026-05-23 18:13:14.064	2026-05-24 11:53:00.31	\N
cmpinx9x90008js55t2ya95v8	meha VIP	99665171	\N	\N	\N	\N	2026-05-23 18:09:03.357	2026-05-24 11:53:16.869	\N
cmpinwkwd0007js55l9ir7hg2	meha VIP	9966517	\N	\N	\N	\N	2026-05-23 18:08:30.925	2026-05-24 11:53:29.804	\N
cmou7v5hk0012vk55zdifsckr	ABDULL REDHA VIP	95519191	\N	\N	\N	\N	2026-05-06 15:33:02.216	2026-05-24 11:57:15.04	\N
cmpi2dwyj000ivw55nc06l0hy	ABDUL RAHMAN VIP	55777377	\N	\N	\N	\N	2026-05-23 08:06:08.155	2026-05-24 12:05:50.668	\N
cmpl39rfo0000iw55nzj3bdu0	SAYID	69065210	\N	\N	\N	\N	2026-05-25 10:54:12.516	2026-05-25 10:54:12.516	\N
cmplb5bmh0005iw55m9d2b2ua	AHMED	55663943	\N	\N	\N	\N	2026-05-25 14:34:42.329	2026-05-25 14:34:42.329	\N
cmpldvpxy000biw555lhtgbon	MARY HARDING	51783541	\N	\N	\N	\N	2026-05-25 15:51:13.174	2026-05-25 15:51:13.174	\N
cmplfmt1u000giw55glszqeea	AWATHIF	99116786	\N	\N	\N	\N	2026-05-25 16:40:16.53	2026-05-25 16:40:16.53	\N
cmplj0ra70000fw55r8hsf3vk	MANAL	94444186	\N	\N	\N	\N	2026-05-25 18:15:06.271	2026-05-25 18:15:06.271	\N
cmppl2xyu0000vw55178k8hq4	meha	99678611	\N	\N	\N	\N	2026-05-28 14:23:52.182	2026-05-28 14:23:52.182	\N
cmppl5aqy0005vw555altjnnq	moona	99502348	\N	\N	\N	\N	2026-05-28 14:25:42.058	2026-05-28 14:25:42.058	\N
cmppn2oy0000dvw5511v4qaah	alaah	50809660	\N	\N	\N	\N	2026-05-28 15:19:39.72	2026-05-28 15:19:39.72	\N
cmpr02put00012w555eahu5q5	UM ABDULLA	66067356	\N	\N	\N	\N	2026-05-29 14:11:22.085	2026-05-29 14:11:22.085	\N
cmpsgp3mj0000ps55vnx9str7	SHAREEFA	97337439	\N	\N	\N	\N	2026-05-30 14:44:26.395	2026-05-30 14:44:26.395	\N
cmptlncod0000ow55v5exh9wy	fouzia	99601545	\N	\N	\N	\N	2026-05-31 09:50:49.069	2026-05-31 09:50:49.069	\N
cmpu10cs60008ow559lnvzvp2	MISH'AL	99639913	\N	\N	\N	\N	2026-05-31 17:00:49.974	2026-05-31 17:00:49.974	\N
cmpuw1hoz00003o55hadjxxtr	SHEIK MOHAMMED	55728257	\N	\N	\N	\N	2026-06-01 07:29:31.091	2026-06-01 07:29:31.091	\N
cmpvg9skr00063o55i3vk296x	SANTHOSH	66679102	\N	\N	\N	\N	2026-06-01 16:55:50.763	2026-06-01 16:55:50.763	\N
cmpwrqhrv0000c855jbx4l7zd	ISHAM	99899799	\N	\N	\N	\N	2026-06-02 15:04:31.867	2026-06-02 15:04:31.867	\N
cmpwsmvue0006c85554o3tdqo	NASER	62222928	\N	\N	\N	\N	2026-06-02 15:29:43.095	2026-06-02 15:29:43.095	\N
cmpwwix16000cc8554yv4o8ml	LALA	69918593	\N	\N	\N	\N	2026-06-02 17:18:36.474	2026-06-02 17:18:36.474	\N
cmpwychcr0000oo554b3mdiss	noor mohiy eldin	96548416546854	noormohiy.star31@gmail.com	2026-06-10 00:00:00	\N	\N	2026-06-02 18:09:35.451	2026-06-02 18:09:35.451	\N
cmq17frun00002s55qzrg8r20	yosef essa	99019556	\N	\N	\N	\N	2026-06-05 17:35:10.271	2026-06-05 17:35:10.271	\N
cmq2e359d0004fs55dqg92um1	MUHAMMED AL MUFARRAJ	60044626	\N	\N	\N	\N	2026-06-06 13:29:04.609	2026-06-06 13:29:04.609	\N
cmq4xxtjx0000d855isns9rzg	anudh	9999261	\N	\N	\N	\N	2026-06-08 08:20:20.829	2026-06-08 08:20:20.829	\N
cmq595gv40006d855guwcd40c	fouzia	97107104	\N	\N	\N	\N	2026-06-08 13:34:13.408	2026-06-08 13:34:13.408	\N
cmq5j6ooj000hd855wm340x1x	ASHWAQ CL	51234999	\N	\N	\N	\N	2026-06-08 18:15:06.355	2026-06-08 18:16:59.669	\N
cmq5jl4va000nd855e50b0ni2	UM MUHAMMED	99111255	\N	\N	\N	\N	2026-06-08 18:26:20.518	2026-06-08 18:26:20.518	\N
cmq5k1khf000sd855lc5067o2	WALEED KHALID	97802465	\N	\N	\N	\N	2026-06-08 18:39:07.251	2026-06-08 18:39:07.251	\N
cmq6dgh6k0007pk55v5zo12en	UM ABDULLA	97809889	\N	\N	\N	\N	2026-06-09 08:22:31.676	2026-06-09 08:22:31.676	\N
cmq6d59520001pk55jcn8243i	TAWFIQ JASSIM (CO OP)	97866065	\N	\N	\N	ADAILIYA CO OP	2026-06-09 08:13:48.038	2026-06-09 08:24:18.54	\N
cmq7r8jnp000014558x7ozlx2	motkq saoud	99053444	\N	\N	\N	\N	2026-06-10 07:36:02.437	2026-06-10 07:36:02.437	\N
cmq7y0ujm00091455ahenanzr	waheeda	94499272	\N	\N	\N	\N	2026-06-10 10:46:00.61	2026-06-10 10:46:00.61	\N
cmq8a5hjj000j14554zrtba2z	DAWOOD	99514675	\N	\N	\N	\N	2026-06-10 16:25:32.431	2026-06-10 16:25:32.431	\N
cmq95iz0u0000nk55v44n6t0i	SAFA	94066545	\N	\N	\N	\N	2026-06-11 07:03:49.71	2026-06-11 07:03:49.71	\N
cmq9j4thb0005nk55wb5o2v2u	THALABATH	99652142	\N	\N	\N	\N	2026-06-11 13:24:43.967	2026-06-11 13:24:43.967	\N
cmq9mq1yh000ank55jmi5xlnc	AHMD MUHTHAR	97696902	\N	\N	\N	\N	2026-06-11 15:05:13.577	2026-06-11 15:05:13.577	\N
cmq9rghz8000fnk55pes6p8i1	SADYA	99061565	\N	\N	\N	\N	2026-06-11 17:17:45.86	2026-06-11 17:17:45.86	\N
cmq9t2jgo000nnk55oofjens6	BEDOUR	55333124	\N	\N	\N	\N	2026-06-11 18:02:53.832	2026-06-11 18:02:53.832	\N
cmqb3fu8d00000w55v3cgllku	FAISAL	99222733	\N	\N	\N	\N	2026-06-12 15:40:56.653	2026-06-12 15:40:56.653	\N
cmqc34joj00050w55t28o54na	BIDHUALI	50488705/99530092	\N	\N	\N	\N	2026-06-13 08:19:55.94	2026-06-13 08:19:55.94	\N
cmqc3znaj000d0w55snteanl9	BHUDEENA	66397279	\N	\N	\N	\N	2026-06-13 08:44:06.955	2026-06-13 08:44:06.955	\N
cmqcetptb00007055quuibetb	ANNA	67056317	\N	\N	\N	\N	2026-06-13 13:47:26.064	2026-06-13 13:47:26.064	\N
cmqcmj24q00087055ax2slclf	salwa	66618553	\N	\N	\N	\N	2026-06-13 17:23:05.738	2026-06-13 17:23:05.738	\N
cmqcpv7qn0000l0555q4z931v	SHYAMALA	90946311	\N	\N	\N	\N	2026-06-13 18:56:31.727	2026-06-13 18:56:31.727	\N
cmqe10kjq0000hw556m1ynwiq	PARVATHI	50488705	\N	\N	\N	\N	2026-06-14 16:56:23.558	2026-06-14 16:56:23.558	\N
cmqe3ofng000dhw55pb1a0rwj	MUHAMMED FAHAD	99307603	\N	\N	\N	\N	2026-06-14 18:10:56.188	2026-06-14 18:10:56.188	\N
cmqetx04d0000o8556o2j8sq3	NUHA S Q AL MISHERI	99782912	\N	\N	\N	\N	2026-06-15 06:25:25.981	2026-06-15 06:25:25.981	\N
cmqez28410005o855r8vr325h	HAMAD	99082675	\N	\N	\N	\N	2026-06-15 08:49:27.697	2026-06-15 08:49:27.697	\N
cmqgqgdbr00014c5573szs42j	yousef	97899001	\N	\N	\N	\N	2026-06-16 14:24:03.447	2026-06-16 14:24:03.447	\N
cmqja35fk0000nw557gziycf1	suad	90911445	\N	\N	\N	\N	2026-06-18 09:09:11.36	2026-06-18 09:09:11.36	\N
cmqjav3bp0008nw55fjc1s6d2	azza	66765402	\N	\N	\N	\N	2026-06-18 09:30:54.997	2026-06-18 09:30:54.997	\N
cmqjpvczy000nnw55zcnpw58k	EMAN AHAMMED (C/0 Mr.MOHY)	55024562	\N	\N	\N	\N	2026-06-18 16:31:01.774	2026-06-18 16:31:01.774	\N
cmqkzls4t0000v8552fj20amz	faizal	66999218	\N	\N	\N	\N	2026-06-19 13:51:17.165	2026-06-19 13:51:17.165	\N
cmqnxtud300001s55kf6kpll7	neeran	97787798	\N	\N	\N	\N	2026-06-21 15:24:52.599	2026-06-21 15:24:52.599	\N
cmqnypv7d00081s55kmdly2tl	mohammedsayed CL	55113576	\N	\N	\N	\N	2026-06-21 15:49:46.681	2026-06-21 17:43:58.94	\N
cmqp5y0q60001bs55yyq4kkxy	MAY	97853666	\N	\N	\N	\N	2026-06-22 11:59:50.574	2026-06-22 11:59:50.574	\N
cmqrrifsh000050553t2h1yps	INTHISAM AL SULTHAN	99810664	\N	\N	\N	\N	2026-06-24 07:39:07.505	2026-06-24 07:39:07.505	\N
cmqtl0s820000kw55oj7v9ytv	MANAR	94484441	\N	\N	\N	\N	2026-06-25 14:12:58.466	2026-06-25 14:12:58.466	\N
cmqv6hdc10000ks55dzsqoj77	test	5416516541654	\N	\N	\N	\N	2026-06-26 17:01:30.433	2026-06-26 17:01:30.433	\N
cmqwh5r2g0000ng55jz4m10m6	mohammed mubarak	98521527	\N	\N	\N	\N	2026-06-27 14:48:10.312	2026-06-27 14:48:10.312	\N
cmqwl18jy0004ng55idk636ev	rava	57554800	\N	\N	\N	\N	2026-06-27 16:36:38.158	2026-06-27 16:36:38.158	\N
cmqxxc6gl00007455fmbtbe85	Dr. YASIN	99014656	\N	\N	\N	\N	2026-06-28 15:08:50.229	2026-06-28 15:08:50.229	\N
cmqy0a9fy00057455k63vnrce	MISHARI	99610807	\N	\N	\N	\N	2026-06-28 16:31:19.63	2026-06-28 16:31:19.63	\N
cmqy0qxe3000c7455bojt6jd2	ABDUL RAHMAN	94450596	\N	\N	\N	\N	2026-06-28 16:44:17.163	2026-06-28 16:44:17.163	\N
cmqyuxcvf00008455298qeytn	abdullah	99860022	\N	\N	\N	\N	2026-06-29 06:49:05.643	2026-06-29 06:49:05.643	\N
cmqyvgoe200058455cwnp0bbw	dhavani shanker	98832124	\N	\N	\N	\N	2026-06-29 07:04:07.034	2026-06-29 07:04:07.034	\N
cmqyzoey8000a8455l4mdp0cd	rashid	99682567	\N	\N	\N	\N	2026-06-29 09:02:06.512	2026-06-29 09:02:06.512	\N
cmqzd94xa000g84559s4v2yj4	EMAN	99768190	\N	\N	\N	\N	2026-06-29 15:22:08.302	2026-06-29 15:22:08.302	\N
cmqzgz52e000l845590eh7x7s	ABDUL AZIZ CL	99270030	\N	\N	\N	\N	2026-06-29 17:06:20.39	2026-06-29 17:06:20.39	\N
cmqzj5qt70001co5582vsjw6x	DAEEJ	60036000	\N	\N	\N	\N	2026-06-29 18:07:27.739	2026-06-29 18:07:27.739	\N
cmr0e1z8k0000uw55x2vorecu	RAWAN CL	60360575	\N	\N	\N	\N	2026-06-30 08:32:20.133	2026-06-30 08:32:20.133	\N
\.


--
-- Data for Name: Examination; Type: TABLE DATA; Schema: public; Owner: postgres
--

COPY public."Examination" (id, "customerId", doctor, date, "rightSph", "rightCyl", "rightAxis", "leftSph", "leftCyl", "leftAxis", add, ipd, height, notes, "createdAt", "updatedAt") FROM stdin;
cmou0255k0003vk55tccw8dlo	cmotzza0f0002vk55lm5qz3su	suhina	2026-05-06 00:00:00	3	-2.75	65	3	-1	135	\N	61	\N	\N	2026-05-06 11:54:31.448	2026-05-06 11:54:31.448
cmou7qsyf000zvk55emhau0df	cmou7niq0000yvk55jp7czsl3	RENJINI	2026-05-04 00:00:00	\N	-1.25	180	\N	-1.5	180	\N	\N	\N	UV420	2026-05-06 15:29:39.351	2026-05-06 15:31:46.245
cmou7x1z80013vk55q9fpz3js	cmou7v5hk0012vk55zdifsckr	RENJINI	2026-05-01 00:00:00	-1.5	-0.75	10	0.5	-0.5	180	1.5	76	25	\N	2026-05-06 15:34:30.98	2026-05-06 15:34:30.98
cmouafi5h001gvk55c988gr6b	cmouae5v7001fvk552wegvc9k	RENJINI	2026-05-06 00:00:00	1.5	\N	\N	1.5	\N	\N	2	\N	\N	H/O GLOCOMA	2026-05-06 16:44:50.981	2026-05-06 16:44:50.981
cmovs1r5f0001vw55c45feb6y	cmovryzx50000vw555cs4futu	suhina	2026-05-07 00:00:00	-0.25	-0.75	165	-0.75	-0.25	20	0.75	62	\N	FOR DISTANCE	2026-05-07 17:45:48.723	2026-05-07 17:45:48.723
cmoyd5uyf00036855s97a5pcz	cmoyd1ucz000268554u352rk0	\N	2026-05-09 00:00:00	2	-1.5	85	2	-1	90	3	\N	\N	same as old powe customer rx	2026-05-09 13:12:24.567	2026-05-09 13:12:24.567
cmozy36cz00140g55tohtuzzm	cmozy198l00130g55uhm4yvzo	suhina	2026-05-10 00:00:00	3.5	-1	170	3.25	-1	150	\N	\N	\N	READIND ONLY (ONLY RIGHT LENS)	2026-05-10 15:45:57.491	2026-05-10 15:45:57.491
cmp2facoq00014o55zzv97vad	cmp2f9eg400004o555aojkr4g	\N	2026-05-12 00:00:00	\N	\N	\N	\N	\N	\N	1.5	\N	13	same as od pg	2026-05-12 09:22:58.106	2026-05-12 09:22:58.106
cmp2uzbhr001j4o55cs9fd84q	cmp2uxma8001i4o55shj7ig4n	RENJINI	2026-05-12 00:00:00	\N	-3	85	\N	-3	90	2.75	60	\N	READING GLASS (FROM HOSPITAL)	2026-05-12 16:42:17.199	2026-05-12 16:42:17.199
cmp45yumz000y285588ubgyue	cmp45xc7r000x2855cndhtmk6	suhina	2026-05-13 00:00:00	-5.25	\N	\N	-5.25	-1.5	90	\N	67	\N	\N	2026-05-13 14:37:37.307	2026-05-13 14:37:37.307
cmp5onz6300017855o4gtmk0i	cmp5omnti00007855014vws34	RENJINI	2026-05-14 00:00:00	\N	-0.75	65	-0.25	-0.75	100	\N	65	\N	SAME AS OLD GLASS	2026-05-14 16:08:48.843	2026-05-14 16:08:48.843
cmp5s4bc2000778558zqi1cg6	cmp5s2zas00067855gelhxaar	suhina	2026-05-14 00:00:00	0	0	\N	0	0	\N	2.25	65	\N	READING ONLY	2026-05-14 17:45:29.955	2026-05-14 17:45:29.955
cmp8h5s4i0000745507wntp5i	cmp5s2zas00067855gelhxaar	suhina	2026-05-16 00:00:00	1.25	\N	\N	0.75	\N	\N	2	61	\N	RAJI  (READING)	2026-05-16 15:02:01.122	2026-05-16 15:02:01.122
cmpch0nz100014c55kprktwbc	cmpcgymun00004c55huru2ai0	\N	2026-05-19 00:00:00	-2.25	-1	30	-0.75	-3.25	150	\N	62	\N	POLY /MC	2026-05-19 10:09:07.166	2026-05-19 10:09:07.166
cmpcw3vdv00074c55831hf0sb	cmpcw04lv00064c55cfmn5a2h	RENJINI	2026-05-19 00:00:00	-2.25	-0.75	180	-0.25	-1.75	160	\N	\N	\N	CL POWER/ MOIST TORIC	2026-05-19 17:11:30.979	2026-05-19 17:11:30.979
cmpcwqg1v00094c550od8fd1y	cmpcwpecg00084c55anm47qld	\N	2026-05-19 00:00:00	\N	\N	\N	\N	\N	\N	\N	\N	\N	DAILY PINE PLANO BELA	2026-05-19 17:29:04.195	2026-05-19 17:29:04.195
cmpcwviuy000b4c55t0rwzsy2	cmpcwujqy000a4c55taekna93	\N	2026-05-19 00:00:00	\N	\N	\N	\N	\N	\N	\N	\N	\N	SIREN BRONZ	2026-05-19 17:33:01.114	2026-05-19 17:33:01.114
cmpcwxcmu000c4c55s0laa8fx	cmpcwujqy000a4c55taekna93	\N	2026-05-19 00:00:00	-1	\N	\N	-1	\N	\N	\N	\N	\N	SIREN BRONZ	2026-05-19 17:34:26.358	2026-05-19 17:34:26.358
cmpcxphtk000e4c5505zp2tjv	cmpcxm83k000d4c55qd2ik4hj	RENJINI	2026-05-19 00:00:00	0.25	-0.25	65	0.25	-0.5	105	\N	57	\N	CRMC /NANO	2026-05-19 17:56:19.448	2026-05-19 17:56:19.448
cmpdpr8j80001e855cxfyxpe6	cmpdpotvd0000e855jhcl7clq	suhina	2026-05-20 00:00:00	-2	\N	\N	-2	\N	\N	\N	62	\N	oasys 90pack	2026-05-20 07:01:29.972	2026-05-20 07:01:29.972
cmpdpvqg80003e855e44x6ddw	cmpdpst9q0002e855em5goj9w	\N	2026-05-20 00:00:00	-2.5	-0.25	55	-2.5	-0.25	80	\N	\N	\N	clpower BE.;-2.50(OASYS MOTHLY)	2026-05-20 07:04:59.816	2026-05-20 07:04:59.816
cmpdwbbmr0005e8554hd6w32u	cmpdw8d0u0004e8559wfce30h	\N	2026-05-20 00:00:00	1	-1.25	80	1	-1.25	80	1.75	60	\N	UV420 35	2026-05-20 10:05:04.803	2026-05-20 10:05:04.803
cmpdywh51000fe855odu5kepn	cmpdyt4l8000ee855pwppgai1	\N	2026-05-20 00:00:00	2.5	-1.5	40	1.5	-1	145	2.25	65	16.5	BIFOCAL UV 420=78KD\nDM+	2026-05-20 11:17:30.949	2026-05-20 11:17:30.949
cmpdz1u4b000he855v6egp8qf	cmpdyysph000ge8558ylil4zu	\N	2026-05-20 00:00:00	3	\N	\N	-0.75	-2	90	2.5	68	24	PROGRESSIVE MC ELITE 1.50/	2026-05-20 11:21:41.051	2026-05-20 11:21:41.051
cmpdz8nit000je8559h31wcz5	cmpdz4o3j000ie855ukla2f7w	\N	2026-05-20 00:00:00	-2.25	-0.5	103	-1.5	\N	\N	\N	\N	\N	CR39 COIOURING WITH RX(SAME AS OLD)	2026-05-20 11:26:59.093	2026-05-20 11:26:59.093
cmpf69in10001t455go0v1qa8	cmpf66o7q0000t45528rgsv1b	\N	2026-05-21 00:00:00	1.75	\N	\N	1.5	\N	\N	2	60	18	CR MC D BIFOCAL  (SAME AS OLD GLASS) = 35 KD.	2026-05-21 07:31:22.909	2026-05-21 07:31:22.909
cmpf6ctop0003t455itduds5u	cmpf6auqh0002t4553sg0m53j	\N	2026-05-21 00:00:00	-1.5	-1	15	0.5	-1	140	2.25	65	23.5	CR MC PROGRESSIVE PLATINUM = 65 KD.	2026-05-21 07:33:57.193	2026-05-21 07:33:57.193
cmpf6f62y0005t4557ckgjdoe	cmpf6e5q60004t45589snvijr	\N	2026-05-21 00:00:00	\N	\N	\N	\N	\N	\N	\N	68	\N	TRANSFER =3 KD	2026-05-21 07:35:46.57	2026-05-21 07:35:46.57
cmpf6mfdv0007t455ur3bpiij	cmpf6l6zo0006t455lacf3gla	\N	2026-05-21 00:00:00	1.25	\N	\N	1.25	\N	\N	\N	\N	\N	READING GLASS =20 KD.	2026-05-21 07:41:25.219	2026-05-21 07:41:25.219
cmpf6ol8r0009t455jmzfkroy	cmpf6nkqw0008t455nqtt362x	\N	2026-05-21 00:00:00	1.25	\N	\N	1.25	\N	\N	\N	\N	\N	READING GLASS = 10 KD.	2026-05-21 07:43:06.123	2026-05-21 07:43:06.123
cmpf6rlev000bt455g76tvoah	cmpf6pom3000at455l2tba0uk	\N	2026-05-21 00:00:00	-0.75	-0.5	135	-0.5	-0.75	80	\N	64	\N	CR MC WITH LEVIS FRAME = 60 KD.	2026-05-21 07:45:26.311	2026-05-21 07:45:26.311
cmpf6v5gm000dt455rxd0ro7o	cmpf6t0cf000ct4550gnhd6kv	\N	2026-05-21 00:00:00	8	-1	85	8	-0.75	105	\N	60	\N	CR MC UV 420 55MM = 55 KD.\nFRAME STUDIO MILANO (FREE)	2026-05-21 07:48:12.262	2026-05-21 07:48:12.262
cmpf6yu0r000ft455e0on2bzo	cmpf6x4cx000et455koyrgypb	\N	2026-05-21 00:00:00	\N	-3	18	\N	-2.75	180	\N	\N	\N	CRMC UV 420 = 35 KD.	2026-05-21 07:51:04.059	2026-05-21 07:51:04.059
cmpf73uuk000ht455o1psoyqm	cmpf70r93000gt455h1zw37zc	\N	2026-05-21 00:00:00	-4.75	\N	\N	-4.75	\N	\N	\N	\N	\N	CR MC UV 420 HI = 40 KD.	2026-05-21 07:54:58.412	2026-05-21 07:54:58.412
cmpf79tot000jt455ltg4xqq3	cmpf76qig000it455o9xf9myp	\N	2026-05-21 00:00:00	-1.25	-0.5	180	-1.25	-1.5	17	\N	60	\N	CR MC WITH FRAME PACINO = 50 KD.	2026-05-21 07:59:36.845	2026-05-21 07:59:36.845
cmpf7cetr000lt455kg6dp9ho	cmpf7ap67000kt455gwtxd776	\N	2026-05-21 00:00:00	-1.75	-0.75	50	-1.5	-0.5	155	\N	65	\N	CRMC UV 420 XT GREY= 45 KD.	2026-05-21 08:01:37.551	2026-05-21 08:01:37.551
cmpfcxmis000nt455ttolza86	cmpfcua7m000mt455bwpdjbo1	\N	2026-05-21 00:00:00	\N	\N	\N	\N	\N	\N	\N	\N	\N	ONLY SCREW	2026-05-21 10:38:05.38	2026-05-21 10:38:05.38
cmpfdhled000ut45588mrp8cg	cmpfdexrg000tt455oc4cqh0v	suhina	2026-05-21 00:00:00	-2	-0.5	65	-0.75	-2.25	148	\N	\N	\N	MC UV420 2PAIRE =60KD	2026-05-21 10:53:37.045	2026-05-21 10:54:55.181
cmpfdnz6c000wt455wi2efhy0	cmpfdk994000vt455j60ym5qp	suhina	2026-05-21 00:00:00	-0.5	\N	\N	0.75	-0.25	45	\N	\N	\N	WIFE OF MR SALAH	2026-05-21 10:58:34.836	2026-05-21 10:58:34.836
cmpfdwytu000yt455wfa19nk6	cmpfdq8s2000xt455i8c87980	\N	2026-05-21 00:00:00	-0.25	-1.25	180	-0.25	-1.25	180	\N	\N	\N	CL MOIST FOR ASTISMATIM/20KD	2026-05-21 11:05:34.29	2026-05-21 11:05:34.29
cmpfe1myl0010t455l4fg2hd0	cmpfe0421000zt4557623x0g7	\N	2026-05-21 00:00:00	2	\N	\N	2	\N	\N	\N	\N	\N	CR39 =10KD	2026-05-21 11:09:12.189	2026-05-21 11:09:12.189
cmpfe4ljc0012t455yxtg5doh	cmpfe43uo0011t455wkibfe1p	\N	2026-05-21 00:00:00	-5.5	-1	120	-5.5	-1.25	73	\N	\N	\N	MCUV420=50	2026-05-21 11:11:30.312	2026-05-21 11:13:38.315
cmpfee2rq0014t455cwd631mf	cmpfean1c0013t455891z1yio	\N	2026-05-21 00:00:00	\N	-2	103	\N	-2	70	2.5	\N	\N	FERGAMO=65MC	2026-05-21 11:18:52.55	2026-05-21 11:18:52.55
cmpfekdw10016t455a3elr473	cmpfegz8g0015t455j0oqsg0z	RENJINI	2026-05-21 00:00:00	-1.5	-2	165	-1.75	-2	180	\N	66	\N	POLYMC 30KD	2026-05-21 11:23:46.897	2026-05-21 11:23:46.897
cmpfen2te0018t455x801uu6i	cmpfelq5e0017t455rqac3sei	\N	2026-05-21 00:00:00	-2	\N	\N	-1.25	\N	\N	\N	\N	\N	UV420/LILIA=63KD	2026-05-21 11:25:52.514	2026-05-21 11:25:52.514
cmpfepgbt001at455saq4jsoa	cmpfenyi30019t455yococ8vr	\N	2026-05-21 00:00:00	-2.75	\N	\N	-2.25	\N	\N	\N	66	\N	CRMC=18KD	2026-05-21 11:27:43.337	2026-05-21 11:27:43.337
cmpfess5e001bt455l5kyy53r	cmpfelq5e0017t455rqac3sei	\N	2026-05-21 00:00:00	-2.25	-1.5	180	-2	-2.25	180	\N	61	\N	S/O HIBA \nCRMC WITH NANO FRAME =70KD OLD PG	2026-05-21 11:30:18.626	2026-05-21 11:30:18.626
cmpfezymt001ct455lsght2yk	cmpcxm83k000d4c55qd2ik4hj	\N	2026-05-21 00:00:00	2.25	-2.5	180	2.5	-3	167	\N	59	\N	DUAIJ RX /HPLRX=BRIGHT WITH MC UV420 XT GRAY HIGH INDEX=75	2026-05-21 11:35:53.621	2026-05-21 11:35:53.621
cmpflwed9001et4557l8hxnkl	cmpflu24f001dt4554ws280ve	\N	2026-05-21 00:00:00	-0.5	-0.5	180	-0.5	-0.75	10	\N	64	\N	\N	2026-05-21 14:49:04.701	2026-05-21 14:49:04.701
cmpgyl60l0001n055nz37mui9	cmpgyi0n10000n055rkpk09co	\N	2026-05-22 00:00:00	-2.25	-0.25	160	-1.25	-0.5	30	\N	62	\N	CRMC UV420 WITH LILAL FRAME = 60 KD.	2026-05-22 13:32:01.845	2026-05-22 13:32:01.845
cmpgynxbj0003n0558tevj0oh	cmpgymcjq0002n055s7dapvjj	\N	2026-05-22 00:00:00	-3.5	\N	\N	-3.5	\N	\N	\N	\N	\N	CL BELLA ALMOND BROWN DAILY = 7.5 KD.	2026-05-22 13:34:10.543	2026-05-22 13:34:10.543
cmpgyppe00005n055vit98rbt	cmpgyos7y0004n0550x7cyaak	\N	2026-05-22 00:00:00	\N	\N	\N	\N	\N	\N	2	\N	\N	READING GLASS = 12 KD.	2026-05-22 13:35:33.576	2026-05-22 13:35:33.576
cmpgyt7ij0007n055vkk7ebzl	cmpgyqlxk0006n0551qhft6zd	\N	2026-05-22 00:00:00	-0.25	-0.25	180	\N	-0.25	80	1.5	\N	\N	READING GLASS = 10 KD.	2026-05-22 13:38:17.035	2026-05-22 13:38:17.035
cmpgyv21i0009n055moplqi3a	cmpgytvpl0008n0556u0j0r85	\N	2026-05-22 00:00:00	\N	\N	\N	\N	\N	\N	\N	\N	\N	CL BELLA VENUS & ALMOND BROWN (EACH 1 BOX) = 15 KD.	2026-05-22 13:39:43.254	2026-05-22 13:39:43.254
cmpgyzlso000bn055qgxqhb0p	cmpgyy6uu000an055t81yihzr	\N	2026-05-22 00:00:00	\N	\N	\N	\N	\N	\N	\N	\N	\N	TRANSFER - FRAME DANVER 88227 C5 = 18 KD.	2026-05-22 13:43:15.48	2026-05-22 13:43:15.48
cmpgz1h8i000dn055re7wd9a5	cmpgz0kkq000cn055qvd0c4cw	\N	2026-05-22 00:00:00	\N	\N	\N	\N	\N	\N	\N	\N	\N	TRANSFER - FRAME SERMATT 99344 = 25 KD.	2026-05-22 13:44:42.883	2026-05-22 13:44:42.883
cmpgz3v5x000fn0559tae7ctz	cmpgz29sd000en0556v7eaqvb	\N	2026-05-22 00:00:00	\N	\N	\N	\N	\N	\N	\N	\N	\N	TRANSFER   FRAME = 20 KD.	2026-05-22 13:46:34.245	2026-05-22 13:46:34.245
cmph833n6000gn0550s1n29ah	cmpf70r93000gt455h1zw37zc	\N	2026-05-22 00:00:00	-2.5	-2.25	20	-3.25	-2.75	150	\N	\N	\N	1.61 UV 420 = 30	2026-05-22 17:57:55.122	2026-05-22 17:57:55.122
cmph86dfh000in055wakcy5w7	cmph84u2c000hn055k6dkf8hf	\N	2026-05-22 00:00:00	0	\N	\N	0	\N	\N	1.75	65	\N	CR MC UV 420 = 35 KD.	2026-05-22 18:00:27.773	2026-05-22 18:00:27.773
cmph8926e000kn0558ot9rkfj	cmph8744p000jn055muppwj53	\N	2026-05-22 00:00:00	2.5	\N	\N	2.5	\N	\N	\N	\N	\N	CRMC WITH FRAME = 75 KD.	2026-05-22 18:02:33.158	2026-05-22 18:02:33.158
cmph8cj0q000mn0552h4lbu2a	cmph89x2i000ln055yqw1lod1	\N	2026-05-22 00:00:00	0	\N	\N	0.5	\N	\N	2	65	15	CR MC BIFOCAL KT = 50 KD. WITH FRAME	2026-05-22 18:05:14.954	2026-05-22 18:05:14.954
cmph8f85j000on055wywiklhf	cmph8d9uj000nn0551lejcf4q	suhina	2026-05-22 00:00:00	-0.5	\N	\N	-0.5	\N	\N	2	62	28	CR MC PROGRESSIVE =40 KD.	2026-05-22 18:07:20.839	2026-05-22 18:07:20.839
cmph8jjkv000qn055lmhrp0lf	cmph8g7tk000pn05551me1dg1	\N	2026-05-22 00:00:00	0.75	-1.25	100	1.25	-1	90	2.5	63	23	HOSPITAL RX\nCR MC PROGRESSIVE UV 420 = 130 KD.	2026-05-22 18:10:42.271	2026-05-22 18:10:42.271
cmph8nmzh000rn0555k1oprrc	cmozy198l00130g55uhm4yvzo	\N	2026-05-22 00:00:00	2	-1.5	70	1	-1.5	105	2.5	\N	\N	HOSPITAL RX (FOUSIYA)\nCR 39 = 10 KD. (READING)	2026-05-22 18:13:53.309	2026-05-22 18:14:14.965
cmph8qm4a000tn055ujagxhzj	cmph8pmob000sn0555s0m93w0	\N	2026-05-22 00:00:00	\N	\N	\N	\N	\N	\N	\N	\N	\N	TRANSFER - FRAME TANDESIGN F5746 = 33 KD.	2026-05-22 18:16:12.154	2026-05-22 18:16:12.154
cmph8s29l000vn055159y6ft8	cmph8ramz000un055kbur5lkw	\N	2026-05-22 00:00:00	\N	\N	\N	\N	\N	\N	\N	\N	\N	TRANSFER - FRAME= 20 KD.	2026-05-22 18:17:19.737	2026-05-22 18:17:19.737
cmph8volw000xn055a0mr2jgl	cmph8sr8f000wn055zpql385a	\N	2026-05-22 00:00:00	-2	-1	70	-0.75	-1	80	2.5	61	\N	FRAME DIAMOR \nCR MC 2 PCS (DISTANCE & READING)\nTOTAL = 55 KD.	2026-05-22 18:20:08.66	2026-05-22 18:20:08.66
cmphzurfc0001vw553x5qak5m	cmphzsnec0000vw551k25syc7	suhina	2026-05-23 00:00:00	-5.5	-0.5	62	-6	\N	\N	\N	\N	\N	tan disin uv 420.hi index =80	2026-05-23 06:55:15.288	2026-05-23 06:55:15.288
cmphzygyb0003vw55m2z65qss	cmphzwdc90002vw55w035mz9r	Suhana	2026-05-23 00:00:00	-2	-0.75	62	-2.25	-0.75	25	\N	\N	\N	crmc=20	2026-05-23 06:58:08.339	2026-05-23 06:58:08.339
cmpi00nec0005vw55it6o7mql	cmphzzlfo0004vw551alo6q90	RENJINI	2026-05-23 00:00:00	-2.5	-0.25	20	-2.75	\N	\N	\N	\N	\N	crmc=25	2026-05-23 06:59:50.004	2026-05-23 06:59:50.004
cmpi02zcl0007vw552k9igixz	cmpi020du0006vw55k72tshe1	suhina	2026-05-23 00:00:00	0.5	\N	\N	2	\N	\N	2.5	\N	\N	eynk mc=50	2026-05-23 07:01:38.805	2026-05-23 07:01:38.805
cmpi1mg860009vw55g4hgvrtf	cmpi1lkbn0008vw555wbb1vfz	\N	2026-05-23 00:00:00	\N	\N	\N	\N	\N	\N	\N	\N	\N	TRANSFER TAN DISIGN=20	2026-05-23 07:44:46.758	2026-05-23 07:44:46.758
cmpi1q81i000bvw55sqvbmjs9	cmpi1pfie000avw555ajbjluc	RENJINI	2026-05-23 00:00:00	\N	\N	\N	\N	\N	\N	\N	\N	\N	TAN DISIGN=30	2026-05-23 07:47:42.774	2026-05-23 07:47:42.774
cmpi22a5k000dvw55oylskj74	cmpi1zw8q000cvw55wh8xzhcy	RENJINI	2026-05-23 00:00:00	\N	-0.5	170	-0.5	\N	\N	\N	65	\N	SUNGLAS POLARIZED 2PAIRE= 60	2026-05-23 07:57:05.384	2026-05-23 07:57:05.384
cmpi277z5000fvw55a8bejo8j	cmpi23ys6000evw55ml26wsly	suhina	2026-05-23 00:00:00	0.75	-0.75	105	0.25	-0.25	165	\N	60	\N	HAMMER/MC=45	2026-05-23 08:00:55.841	2026-05-23 08:00:55.841
cmpi2azn5000hvw55e7sapx9b	cmpi282gw000gvw5511bm8399	RENJINI	2026-05-23 00:00:00	-3.25	-0.25	80	-3	-0.5	105	\N	63	\N	MC=20	2026-05-23 08:03:51.665	2026-05-23 08:04:31.731
cmpi2g0yz000jvw55r3hoisaq	cmpi2dwyj000ivw55nc06l0hy	RENJINI	2026-05-23 00:00:00	1.75	-1	25	1.5	\N	10	2	63	\N	VARILUX ,XR DISIN,XTGRAY CRIZAL PREVENCIA 170KD	2026-05-23 08:07:46.667	2026-05-23 08:09:52.037
cmpi58035000lvw556emkxjih	cmpi53eq8000kvw55gdnekcg0	RENJINI	2026-05-23 00:00:00	3	-0.5	100	1	-0.5	135	2.25	64	\N	\N	2026-05-23 09:25:31.121	2026-05-23 09:25:31.121
cmpi9ppcx000nvw55wuhqmncx	cmpi9lsqg000mvw55kjnwiol5	\N	2026-05-23 00:00:00	\N	-1.75	80	-2.25	-1	90	2.5	65	\N	XEOPENPORM/WIXOMAXUV PROGRESSIVE=50	2026-05-23 11:31:15.489	2026-05-23 11:31:15.489
cmpietxbq000tvw558ptrb01i	cmpieso63000svw55yo7de9gv	RENJINI	2026-05-23 00:00:00	\N	\N	\N	\N	\N	\N	\N	\N	\N	TRANSFER  FRAME ALEXANTRE=30KD	2026-05-23 13:54:30.518	2026-05-23 13:54:30.518
cmpiju32p0002js55ymt7kd2o	cmpijtbwt0001js55cido69rb	RENJINI	2026-05-23 00:00:00	\N	\N	\N	\N	\N	\N	\N	\N	\N	bella ceder daily	2026-05-23 16:14:36.049	2026-05-23 16:14:36.049
cmpiny8510009js55rojktm8k	cmpinx9x90008js55t2ya95v8	\N	2026-05-23 00:00:00	0	\N	\N	-0.5	\N	\N	\N	65	\N	\N	2026-05-23 18:09:47.701	2026-05-23 18:09:47.701
cmpio3nzu000hjs553xis9qfq	cmpio2ndc000gjs55qqn9881p	\N	2026-05-23 00:00:00	-3.25	\N	\N	-3	\N	\N	\N	\N	\N	uv420 xt	2026-05-23 18:14:01.53	2026-05-23 18:14:01.53
cmpjfu2sk0001hw55cub0ih01	cmpjftfmr0000hw554l60xksa	\N	2026-05-24 00:00:00	\N	\N	\N	\N	\N	\N	\N	\N	\N	TRANSFER =1 KD.	2026-05-24 07:10:23.397	2026-05-24 07:10:23.397
cmpjfwy9m0003hw55i9ep4wc7	cmpjfuxbk0002hw554jnguguz	\N	2026-05-24 00:00:00	2	\N	\N	2	-0.75	135	\N	65	\N	READING\nCR MC UV 420 = 28 KD.	2026-05-24 07:12:37.498	2026-05-24 07:12:37.498
cmpjg0pln0005hw55fjwd5wg5	cmpjfyrx40004hw553vq0qsky	suhina	2026-05-24 00:00:00	-0.75	\N	\N	-0.5	\N	\N	\N	55	\N	NAME : ARCHY\nFRAME   : RICH LOOK\nLENS : CR MC UV420\nTOTAL = 65 KD.	2026-05-24 07:15:32.891	2026-05-24 07:15:32.891
cmpjg4u4a0007hw55n6am3ibc	cmpjg1x090006hw55hf861sdm	RENJINI	2026-05-24 00:00:00	-0.75	-3	15	-0.75	-2.75	160	\N	70	\N	CR MC UV420 XT & CR 39 COLOR =55 KD.	2026-05-24 07:18:45.37	2026-05-24 07:18:45.37
cmpjg8cda0008hw55hx7jm9fa	cmph89x2i000ln055yqw1lod1	\N	2026-05-24 00:00:00	-1.25	-1	65	-5.25	-2	100	2.5	66	\N	KHALD MOHAMMED \nPOLY MC UV 420 = 45 KD.	2026-05-24 07:21:28.99	2026-05-24 07:21:28.99
cmpjgberd000ahw555s2ijd69	cmpjg8yjc0009hw55n7k6fj3g	\N	2026-05-24 00:00:00	-4.75	-1.5	20	-4.5	-1	160	\N	\N	\N	CR MC UV 420 1.74 & CR MC 1.74 = 65 KD.	2026-05-24 07:23:52.057	2026-05-24 07:23:52.057
cmpjgebvl000chw55lxtstoi3	cmpjgchl6000bhw55b332k9ho	\N	2026-05-24 00:00:00	1.25	-0.75	75	1	\N	\N	2	\N	\N	CR MC = 18 KD. FOR READING.	2026-05-24 07:26:08.289	2026-05-24 07:26:08.289
cmpjgg7x8000ehw555di47v22	cmpjgfcq5000dhw55jlq19xu9	\N	2026-05-24 00:00:00	0	\N	\N	0	\N	\N	2	\N	\N	CR MC UV 420 = 25 KD.	2026-05-24 07:27:36.476	2026-05-24 07:27:36.476
cmpjghll0000ghw55fdzbtsfc	cmpjggv47000fhw55xc8kah2x	\N	2026-05-24 00:00:00	0	\N	\N	0	\N	\N	\N	\N	\N	CR 39 COLOR = 10 KD.	2026-05-24 07:28:40.836	2026-05-24 07:28:40.836
cmpjgj1t1000ihw55u2sa4gmv	cmpjgiaso000hhw55cumq6jo2	\N	2026-05-24 00:00:00	\N	\N	\N	\N	\N	\N	\N	\N	\N	TRANSFER WITH FRAME = 28 KD.	2026-05-24 07:29:48.517	2026-05-24 07:29:48.517
cmpjglb8s000khw55n6z79yhm	cmpjgjprt000jhw55wa7v02mp	\N	2026-05-24 00:00:00	-0.75	\N	\N	-1.25	-0.25	165	\N	\N	\N	FRAME EYENK WITH CR MC UV 420 = 50 KD.	2026-05-24 07:31:34.06	2026-05-24 07:31:34.06
cmpjgp674000mhw55z9cxwnld	cmpjgm4wy000lhw55sjdt3mw6	\N	2026-05-24 00:00:00	0	-1	90	-1	-1.75	180	3	\N	\N	CR MC WITH FRAME = 45 KD. (DISTANCE)	2026-05-24 07:34:34.144	2026-05-24 07:34:34.144
cmpjgs05f000ohw55wm4b4jj3	cmpjgqrk0000nhw553wk3o2a9	\N	2026-05-24 00:00:00	-1.25	-1	50	-1	-1	130	\N	\N	\N	CR MC UV 420 = 35 KD.	2026-05-24 07:36:46.275	2026-05-24 07:36:46.275
cmplfnxdx000hiw554aa63nyh	cmplfmt1u000giw55glszqeea	\N	2026-05-25 00:00:00	0	-1.25	150	0	0	\N	2.5	60	\N	READING \nHSPTL RX	2026-05-25 16:41:08.805	2026-05-25 16:46:56.892
cmppl86v40006vw55k66mphzm	cmppl5aqy0005vw555altjnnq	\N	2026-05-28 00:00:00	1.5	-1.5	97	1	-1.75	92	2	67	\N	dm+ same as old pwer given/re.6/60 vn	2026-05-28 14:27:56.992	2026-05-28 14:27:56.992
cmppn3kcx000evw556ibn5r78	cmppn2oy0000dvw5511v4qaah	\N	2026-05-28 00:00:00	2.5	\N	\N	2.5	\N	\N	\N	\N	\N	same as old	2026-05-28 15:20:20.433	2026-05-28 15:20:20.433
cmpsgr3o70001ps55ohcv99ud	cmpsgp3mj0000ps55vnx9str7	\N	2026-05-30 00:00:00	-2.25	-0.75	25	-1.75	-0.75	80	\N	60	\N	SAME AS OLD GLASS 	2026-05-30 14:45:59.767	2026-05-30 14:45:59.767
cmptlqj3t0001ow55bgfaphmg	cmptlncod0000ow55v5exh9wy	\N	2026-05-31 00:00:00	1.5	-0.5	100	2	-1	90	3	64	16	same as old pwr	2026-05-31 09:53:17.37	2026-05-31 09:53:17.37
cmpvgagux00073o55qqqkl8sz	cmpvg9skr00063o55i3vk296x	\N	2026-06-01 00:00:00	\N	\N	\N	\N	\N	\N	\N	\N	\N	CLEANING TISSUE	2026-06-01 16:56:22.233	2026-06-01 16:56:22.233
cmpwrsa910001c855d4z3a0z2	cmpwrqhrv0000c855jbx4l7zd	RENJINI	2026-06-02 00:00:00	1.25	-0.5	70	1	-0.25	165	2	65	\N	DM+  ( GLASS FOR DISTANCE)	2026-06-02 15:05:55.429	2026-06-02 15:35:28.931
cmpzecubl0000k055xtv0eweq	cmovryzx50000vw555cs4futu	\N	2026-06-04 00:00:00	\N	\N	\N	\N	\N	\N	\N	\N	\N	BELLA DAILY\nASH BROWN & ALMOND BROWN \nEACH 1 BOX (-0.75)	2026-06-04 11:13:18.465	2026-06-04 11:15:49.523
cmq17n6wa00012s55ogzbaggr	cmq17frun00002s55qzrg8r20	RENJINI	2026-06-05 00:00:00	0	\N	\N	1	-1.5	85	2	62	\N	out side rx 	2026-06-05 17:40:56.362	2026-06-05 17:40:56.362
cmq4xzpx30001d855sql3we1t	cmq4xxtjx0000d855isns9rzg	\N	2026-06-08 00:00:00	-2.75	\N	\N	-2.75	\N	\N	\N	\N	\N	both are cl power'.she took.rosewood	2026-06-08 08:21:49.431	2026-06-08 08:21:49.431
cmq5973910007d855ax0g6g74	cmq595gv40006d855guwcd40c	suhina	2026-06-08 00:00:00	3	-0.25	105	0	\N	\N	\N	60	\N	mc uv 420/same as old	2026-06-08 13:35:29.077	2026-06-08 13:35:29.077
cmq6dc9yj0002pk55w7l311bh	cmq6d59520001pk55jcn8243i	\N	2026-06-09 00:00:00	-1.25	-0.75	75	-1.25	-1	85	2.25	67	\N	FOR DISTANCE	2026-06-09 08:19:15.691	2026-06-09 08:19:15.691
cmq7rcioa00011455ibvzupm0	cmq7r8jnp000014558x7ozlx2	\N	2026-06-10 00:00:00	0.5	-1.5	105	0.5	-1	90	\N	65	\N	\N	2026-06-10 07:39:07.787	2026-06-10 07:39:07.787
cmq9rh4u0000gnk55iuo6dwym	cmq9rghz8000fnk55pes6p8i1	RENJINI	2026-06-11 00:00:00	2.25	\N	\N	2	\N	\N	\N	63	\N	\N	2026-06-11 17:18:15.48	2026-06-11 17:18:15.48
cmq9t45jo000onk55xqi4ll38	cmq9t2jgo000nnk55oofjens6	RENJINI	2026-06-11 00:00:00	-1	-0.75	45	-2.25	-1	134	\N	\N	\N	SAME AS OLD	2026-06-11 18:04:09.108	2026-06-11 18:04:09.108
cmqc3639q00060w559f33v8fv	cmqc34joj00050w55t28o54na	RENJINI	2026-06-13 00:00:00	3.5	-2.25	90	3	-1.75	90	\N	65	\N	\N	2026-06-13 08:21:07.982	2026-06-13 08:21:07.982
cmqceufon000170555s1okwu0	cmqcetptb00007055quuibetb	67056317	2026-06-13 00:00:00	-1	\N	\N	-0.5	\N	\N	\N	62	\N	\N	2026-06-13 13:47:59.591	2026-06-13 13:47:59.591
cmqcmk7j600097055lc8c02du	cmqcmj24q00087055ax2slclf	RENJINI	2026-06-13 00:00:00	\N	\N	\N	\N	\N	\N	2.75	\N	\N	customer told only for reading	2026-06-13 17:23:59.394	2026-06-13 17:23:59.394
cmqcpw1x30001l055hales80i	cmqcpv7qn0000l0555q4z931v	\N	2026-06-13 00:00:00	2.25	\N	\N	2.5	\N	\N	1.75	63	\N	\N	2026-06-13 18:57:10.839	2026-06-13 18:57:10.839
cmqe13euc0001hw55p839b2qd	cmqe10kjq0000hw556m1ynwiq	\N	2026-06-14 00:00:00	0	-1	20	0	-0.75	155	1.25	60	20	CR 39 BIFOCAL KT	2026-06-14 16:58:36.132	2026-06-14 16:58:36.132
cmqgic0yr00004c550juhwqq0	cmou863o00019vk55nwawt8rx	\N	2026-06-16 00:00:00	-8	\N	\N	-9.5	\N	\N	\N	\N	\N	bella elite wild honey	2026-06-16 10:36:43.875	2026-06-16 10:36:43.875
cmqgqhgtv00024c55wiuvvqm3	cmqgqgdbr00014c5573szs42j	\N	2026-06-16 00:00:00	-1.5	-0.5	18	-1.5	-0.75	175	\N	62	\N	\N	2026-06-16 14:24:54.643	2026-06-16 14:24:54.643
cmqjpzt77000onw55ciezun95	cmqjpvczy000nnw55zcnpw58k	RENJINI	2026-06-18 00:00:00	-4	-0.5	40	-4	-0.75	145	\N	62	\N	POLY UV 420 (SAME AS OLD GLASS)	2026-06-18 16:34:29.395	2026-06-18 16:34:29.395
cmqnya69a00071s55bdhpnk0b	cmqnxtud300001s55kf6kpll7	renjini	2026-06-21 00:00:00	0.75	-0.25	95	1	-0.75	95	1.75	61	\N	re;nip	2026-06-21 15:37:34.51	2026-06-21 15:37:34.51
cmqnyvz6t000d1s55vff0dn98	cmqnypv7d00081s55kmdly2tl	\N	2026-06-21 00:00:00	-4	\N	\N	-4	\N	\N	\N	\N	\N	moist one day -4.00	2026-06-21 15:54:31.781	2026-06-21 15:54:31.781
cmqy3qlec00029w55johopz9f	cmqxxc6gl00007455fmbtbe85	RENJINI	2026-06-28 00:00:00	0	-0.5	80	0.5	-0.5	160	2.25	66	\N	CR MC UV 420	2026-06-28 18:08:00.468	2026-06-28 18:08:00.468
cmqyzpsle000b8455qigchj65	cmqyzoey8000a8455l4mdp0cd	\N	2026-06-29 00:00:00	2	-1.75	90	2.25	-1.25	90	2.25	65	23.5	\N	2026-06-29 09:03:10.85	2026-06-29 09:03:10.85
cmqzh1528000m8455eb74shha	cmqzgz52e000l845590eh7x7s	\N	2026-06-29 00:00:00	-2	-1.75	180	-1	-2.25	180	\N	\N	\N	ACCUVUE OASYS MONTHLY FOR ASTIGMATISM 	2026-06-29 17:07:53.696	2026-06-29 17:07:53.696
cmqzjbnje0002co55ca74njks	cmqzj5qt70001co5582vsjw6x	\N	2026-06-29 00:00:00	2.25	-2.5	59	2.5	-3	167	\N	\N	\N	FRAME BRIGHT WITH  UV 420 = 75 KD.	2026-06-29 18:12:03.434	2026-06-29 18:12:03.434
\.


--
-- Data for Name: InventoryItem; Type: TABLE DATA; Schema: public; Owner: postgres
--

COPY public."InventoryItem" (id, type, brand, model, color, material, "lensType", coating, "lensIndex", category, price, quantity, sku, notes, "createdAt", "updatedAt") FROM stdin;
cmou0tckg000avk55z8junmzq	FRAME	rayban	3025	001	metal	\N	\N	\N		63	2	FRM-0001		2026-05-06 12:15:40.768	2026-05-06 12:15:40.768
cmou0wbwz000bvk55o6saserw	FRAME	rayban	3025	w3234	metal	\N	\N	\N	\N	63	1	FRM-0002		2026-05-06 12:17:59.891	2026-05-06 12:17:59.891
cmou10aj4000dvk55l4klv6e7	FRAME	rayban	3025	004	metal	\N	\N	\N	\N	63	2	FRM-0004		2026-05-06 12:21:04.72	2026-05-06 12:21:04.72
cmou12iu1000fvk55goqs9j2s	FRAME	rayban	3025	002	metal	\N	\N	\N	\N	63	2	FRM-0005		2026-05-06 12:22:48.793	2026-05-06 12:22:48.793
cmou13p9h000gvk55gikagzur	FRAME	rayban	3025	l2823	metal	\N	\N	\N	\N	63	2	FRM-0006		2026-05-06 12:23:43.781	2026-05-06 12:23:43.781
cmou14rgy000hvk55fy6dct5l	FRAME	rayban	3025	181	metal	\N	\N	\N	\N	63	1	FRM-0007		2026-05-06 12:24:33.298	2026-05-06 12:24:33.298
cmou15oc7000ivk55hr5z8qmo	FRAME	rayban	3025	003	metal	\N	\N	\N	\N	63	3	FRM-0008		2026-05-06 12:25:15.895	2026-05-06 12:25:15.895
cmou1807x000jvk55079kcm50	FRAME	rayban sg	3689	9148/31	metal	\N	\N	\N	\N	59	1	FRM-0009		2026-05-06 12:27:04.605	2026-05-06 12:27:04.605
cmou18xy7000kvk55y3n0vtyt	FRAME	rayban sg	3925	002/31	metal	\N	\N	\N	\N	66	1	FRM-0010		2026-05-06 12:27:48.319	2026-05-06 12:27:48.319
cmou1a58q000lvk5576ionuh5	FRAME	rayban	R01018	004/CB	metal	\N	\N	\N	\N	70	1	FRM-0011		2026-05-06 12:28:44.426	2026-05-06 12:28:44.426
cmou1c7yp000mvk55f1o2uw3t	FRAME	RAYBANSG	3548	002/71	metal	\N	\N	\N	\N	77	1	FRM-0012		2026-05-06 12:30:21.265	2026-05-06 12:30:21.265
cmozg9t2q00060g55o89wuzc7	LENS					Bifocal	CRMC.UV	1.5	\N	45	1	LNS-0008		2026-05-10 07:27:13.778	2026-05-10 07:27:13.778
cmou1gvai000ovk55m966drb2	FRAME	RAYBAN	3548N	002/58	metal	\N	\N	\N	\N	77	2	FRM-0013		2026-05-06 12:33:58.122	2026-05-06 12:33:58.122
cmou1hspj000pvk55cwynmpse	FRAME	RAYBAN	3694	002/71	metal	\N	\N	\N	\N	63	1	FRM-0014		2026-05-06 12:34:41.431	2026-05-06 12:34:41.431
cmou1jfo5000qvk5519h026ga	FRAME	RAYBANSG	3682	002/80	metal	\N	\N	\N	\N	49	1	FRM-0015		2026-05-06 12:35:57.845	2026-05-06 12:35:57.845
cmou1lumb000rvk552a2htg7v	FRAME	RAYBANSG	3782	003/80	metal	\N	\N	\N	\N	50	1	FRM-0016		2026-05-06 12:37:50.531	2026-05-06 12:37:50.531
cmou1mrmi000svk55eh83xazd	FRAME	RAYBANSG	3758	004/84	metal	\N	\N	\N	\N	50	1	FRM-0017		2026-05-06 12:38:33.306	2026-05-06 12:38:33.306
cmou1nq76000tvk55d5kj0dod	FRAME	RAYBAN SG	3782	004/73	metal	\N	\N	\N	\N	50	1	FRM-0018		2026-05-06 12:39:18.114	2026-05-06 12:39:18.114
cmou1pgm5000uvk55e71nysbj	FRAME	RAYBANSG	4125	601/32	PLASTIC	\N	\N	\N	\N	63	1	FRM-0019		2026-05-06 12:40:39.005	2026-05-06 12:40:39.005
cmou1qdcf000vvk55r6tn6u34	FRAME	RAYBANSG	4125	710/51	PLASTIC	\N	\N	\N	\N	63	1	FRM-0020		2026-05-06 12:41:21.423	2026-05-06 12:41:21.423
cmou1r7py000wvk55rsfcewtd	FRAME	RAYBANSG	4147	601/32	PLASTIC	\N	\N	\N	\N	59	1	FRM-0021		2026-05-06 12:42:00.79	2026-05-06 12:42:00.79
cmou1sahr000xvk554jpvi71o	FRAME	RAYBAN SG	4165	601/71	PLASTIC	\N	\N	\N	\N	58	1	FRM-0022		2026-05-06 12:42:51.039	2026-05-06 12:42:51.039
cmov762pv0000ug5567gq5edt	FRAME	SWING SG			PLASTIC	\N	\N	\N	\N	45	9	FRM-0023		2026-05-07 08:01:18.403	2026-05-07 08:01:18.403
cmov787uo0001ug55d47i6k5a	FRAME	NAVY FORCE SG			metal	\N	\N	\N	\N	42	2	FRM-0024		2026-05-07 08:02:58.368	2026-05-07 08:02:58.368
cmov7ak130002ug551imjvkri	FRAME	NAVY FORCE SG			PLASTIC	\N	\N	\N	\N	38	3	FRM-0025		2026-05-07 08:04:47.463	2026-05-07 08:04:47.463
cmov7bply0003ug556ufz1d9t	FRAME	VOLCANO			metal	\N	\N	\N	\N	35	6	FRM-0026		2026-05-07 08:05:41.35	2026-05-07 08:05:41.35
cmov7cm3f0004ug55hycxog8h	FRAME	VOLCANO SG			PLASTIC	\N	\N	\N	\N	35	1	FRM-0027		2026-05-07 08:06:23.451	2026-05-07 08:06:23.451
cmov7eqs10005ug5538e0sado	FRAME	RADEA SG			metal	\N	\N	\N	\N	42	1	FRM-0028		2026-05-07 08:08:02.833	2026-05-07 08:08:02.833
cmov7fucj0006ug55gt1dq54f	FRAME	RADEA SG			PLASTIC	\N	\N	\N	\N	35.001	5	FRM-0029		2026-05-07 08:08:54.115	2026-05-07 08:08:54.115
cmovs51ma0002vw55807pkedf	FRAME	T 39		BLACK	RIMLESS	\N	\N	\N	\N	38	-1	FRM-0050		2026-05-07 17:48:22.258	2026-06-21 15:34:23.813
cmovghbk9000cug554euk3ckl	FRAME	VITTORIO SG			PLASTIC	\N	\N	\N	\N	45	13	FRM-0033		2026-05-07 12:21:59.625	2026-05-07 12:21:59.625
cmovgkemk000dug55kzu66jk7	FRAME	VITTORIO SG			metal	\N	\N	\N	\N	45	5	FRM-0034		2026-05-07 12:24:23.564	2026-05-07 12:24:23.564
cmozgs241000c0g55gefj2xeh	LENS					Progressive	POLY .UV.XT	1.59	\N	85	1	LNS-0014		2026-05-10 07:41:25.297	2026-05-10 07:41:25.297
cmovgntt0000fug55r78241j5	FRAME	XTREAM			metal	\N	\N	\N	\N	45	6	FRM-0036		2026-05-07 12:27:03.204	2026-05-07 12:27:03.204
cmovhzitk000hug559776scu4	FRAME	GUESS			PLASTIC	\N	\N	\N	\N	53	13	FRM-0038		2026-05-07 13:04:08.456	2026-05-07 13:04:08.456
cmovi0isf000iug55q9rwkqd6	FRAME	GUESS FRAME			metal	\N	\N	\N	\N	55	10	FRM-0039		2026-05-07 13:04:55.071	2026-05-07 13:04:55.071
cmovi3jh8000kug55p0rzewxv	FRAME	LACOSTE FRAME			PLASTIC	\N	\N	\N	\N	60	1	FRM-0041		2026-05-07 13:07:15.932	2026-05-07 13:07:15.932
cmovi4b8z000lug55bvllw9vk	FRAME	GUCCI			PLASTIC	\N	\N	\N	\N	65	2	FRM-0042		2026-05-07 13:07:51.923	2026-05-07 13:07:51.923
cmovi6agg000mug55teomt3gg	FRAME	POLICE			PLASTIC	\N	\N	\N	\N	45	3	FRM-0043		2026-05-07 13:09:24.208	2026-05-07 13:09:24.208
cmovi850a000nug555zfaa03c	FRAME	POLICE			metal	\N	\N	\N	\N	45	1	FRM-0044		2026-05-07 13:10:50.458	2026-05-07 13:10:50.458
cmovi929b000oug55p1w3rm5d	FRAME	LEVIS			PLASTIC	\N	\N	\N	\N	45	5	FRM-0045		2026-05-07 13:11:33.551	2026-05-07 13:11:33.551
cmovia84r000pug55o91gbp7i	FRAME	LEVIS			metal	\N	\N	\N	\N	50	2	FRM-0046		2026-05-07 13:12:27.819	2026-05-07 13:12:27.819
cmovicl3b000qug5596bjqrll	FRAME	FERGAMO			PLASTIC	\N	\N	\N	\N	65	6	FRM-0047		2026-05-07 13:14:17.927	2026-05-07 13:14:17.927
cmovie1iz000rug55fa7dctlk	FRAME	RAYBAN FRAME			PLASTIC	\N	\N	\N	\N	45	3	FRM-0048		2026-05-07 13:15:25.883	2026-05-07 13:15:25.883
cmovieije000sug556jwxryqa	FRAME	RAYBAN FRAME			metal	\N	\N	\N	\N	45	1	FRM-0049		2026-05-07 13:15:47.93	2026-05-07 13:15:47.93
cmozg5ze600040g55buih6vf2	LENS	SKF				Single Vision	POLY.UV.XT	1.59	\N	50	0	LNS-0006		2026-05-10 07:24:15.342	2026-05-23 11:32:17.51
cmovgp3xg000gug5546e25zlh	FRAME	XTREAM			PLASTIC	\N	\N	\N	\N	45	2	FRM-0037		2026-05-07 12:28:02.98	2026-05-08 18:22:12.022
cmozhhro6000e0g55httaiq3n	LENS	SKF				Single Vision	UV	1.61	\N	40	1	LNS-0016		2026-05-10 08:01:24.822	2026-05-10 08:01:24.822
cmovi1xh1000jug55xkjkjrf5	FRAME	GUESS FRAME			RIMLESS	\N	\N	\N	\N	53	-1	FRM-0040		2026-05-07 13:06:00.757	2026-05-08 18:32:58.441
cmozg08ll00000g552qvggtvl	LENS	SKF				Single Vision	CRMC	1.5	\N	25	-12	LNS-0002		2026-05-10 07:19:47.337	2026-06-28 18:07:06.461
cmozpxql6000q0g55arv4813k	LENS	CL 					MOIST 1 DAY	-1.5	\N	17	1	LNS-0020		2026-05-10 11:57:46.842	2026-05-10 11:57:46.842
cmozq0tpq000s0g554s3gm9mg	LENS	CL 					MOIST 1 DAY	-2	\N	17	1	LNS-0022		2026-05-10 12:00:10.862	2026-05-10 12:00:10.862
cmozq26nq000u0g5544h5fose	LENS	CL 					MOIST 1 DAY	-2.5	\N	17	1	LNS-0024		2026-05-10 12:01:14.294	2026-05-10 12:01:14.294
cmovga5rn0007ug5589z1g15d	FRAME	TAN DISIGN SG			PLASTIC	\N	\N	\N	\N	45	13	FRM-0030		2026-05-07 12:16:25.523	2026-06-07 08:16:34.944
cmozhkcoj000g0g55gf1kc95r	LENS	SKF				Single Vision	UV	1.67	\N	45	1	LNS-0018		2026-05-10 08:03:25.363	2026-05-13 14:41:30.007
cmozg3gwn00020g558vs0vzg7	LENS	SKF				Single Vision	POLY .MC	1.5	\N	30	-2	LNS-0004		2026-05-10 07:22:18.071	2026-05-19 10:10:07.197
cmovgg60q000bug55siegt1ru	FRAME	TAN DISIGN SG			RIMLESS	\N	\N	\N	\N	35	3	FRM-0032		2026-05-07 12:21:05.786	2026-05-23 18:10:42.692
cmovgckny0008ug5546a6cymo	FRAME	TAN DISIGN SG			metal	\N	\N	\N	\N	45	27	FRM-0031		2026-05-07 12:18:18.142	2026-06-12 15:41:55.423
cmozg4s8k00030g55p4sl2q9t	LENS	SKF				Single Vision	POLY.UV	1.59	\N	40	1	LNS-0005		2026-05-10 07:23:19.412	2026-05-10 07:23:19.412
cmozgh7xs00070g55qr2la9yu	LENS	SKF				Bifocal	MC.UV.XT	1.5	\N	50	0	LNS-0009		2026-05-10 07:32:59.632	2026-05-10 07:32:59.632
cmozgmq9k00090g558wn0vr20	LENS	SKF				Progressive	CRMC .UV.	1.5	\N	55	1	LNS-0011		2026-05-10 07:37:16.664	2026-05-10 07:37:16.664
cmozgqtzz000b0g55tylmi8yb	LENS					Progressive	POLY	1.59	\N	75	1	LNS-0013		2026-05-10 07:40:28.127	2026-05-10 07:40:28.127
cmozhj0ls000f0g55nkbr58y8	LENS					Single Vision	UV	1.67	\N	40	1	LNS-0017		2026-05-10 08:02:23.056	2026-05-10 08:02:23.056
cmozhlx0o000h0g55l1kvf72r	LENS	SKF				Single Vision	CRMC	1.74	\N	55	1	LNS-0019		2026-05-10 08:04:38.376	2026-05-10 08:04:38.376
cmoyjajkl00116855ioh66c7x	FRAME	FRAME OXEBERY			PLASTIC	\N	\N	\N	\N	35	0	FRM-0076		2026-05-09 16:04:00.789	2026-05-10 11:05:27.106
cmozq01c4000r0g55g3se3e7w	LENS	CL 					MOIST 1 DAY	-1.75	\N	17	1	LNS-0021		2026-05-10 11:59:34.085	2026-05-10 11:59:34.085
cmozq1ndq000t0g55zhqsfxfv	LENS	CL 					MOIST 1 DAY	-2.25	\N	17	1	LNS-0023		2026-05-10 12:00:49.31	2026-05-10 12:00:49.31
cmozq4gts000v0g55t539xwkn	LENS	CL 					MOIST 1 DAY	2.75	\N	17	1	LNS-0025		2026-05-10 12:03:00.784	2026-05-10 12:03:00.784
cmozq52l1000w0g55f9lztcft	LENS	CL 					MOIST 1 DAY	-3	\N	17	1	LNS-0026		2026-05-10 12:03:28.981	2026-05-10 12:03:28.981
cmozq5lhy000x0g55ypsk4w99	LENS	CL 					MOIST 1 DAY	3.25	\N	17	1	LNS-0027		2026-05-10 12:03:53.494	2026-05-10 12:03:53.494
cmozqy823000y0g55hook4mlr	LENS	CL 					MOIST 1 DAY	-3.5	\N	17	1	LNS-0028		2026-05-10 12:26:09.099	2026-05-10 12:26:09.099
cmozqywm7000z0g55xidj4apy	LENS	CL 					MOIST 1 DAY	-3.75	\N	17	1	LNS-0029		2026-05-10 12:26:40.927	2026-05-10 12:26:40.927
cmozqzqtx00100g550es3xz85	LENS	CL 					MOIST 1 DAY	-4	\N	17	1	LNS-0030		2026-05-10 12:27:20.085	2026-05-10 12:27:20.085
cmozr0j1d00110g557bcpwnmm	LENS	CL 					MOIST 1 DAY	-4.25	\N	17	1	LNS-0031		2026-05-10 12:27:56.641	2026-05-10 12:27:56.641
cmovsqxcm0003vw55chh7hwny	LENS	test	test				ar	1.6	\N	40	0	LNS-0001		2026-05-07 18:05:23.158	2026-05-10 15:47:48.645
cmp0vxwis0000gg55cdbw8xk4	LENS						CR 39	\N	\N	15	60	LNS-0033		2026-05-11 07:33:38.404	2026-05-11 07:33:38.404
cmp0vzsge0001gg557gmfuj5t	LENS	CL 					OASYS MONTHLY	-1.5	\N	16.5	1	LNS-0034		2026-05-11 07:35:06.446	2026-05-11 07:35:06.446
cmp0w0eiv0002gg55wkm141f3	LENS	CL 					OASYS MONTHLY	-1.75	\N	16.5	1	LNS-0035		2026-05-11 07:35:35.047	2026-05-11 07:35:35.047
cmp0w12oo0003gg555o3iwzr2	LENS	CL 					OASYS MONTHLY	-2	\N	16.5	1	LNS-0036		2026-05-11 07:36:06.36	2026-05-11 07:36:06.36
cmp0w1gw90004gg55pgehqyof	LENS	CL 					OASYS MONTHLY	-2.25	\N	16.5	1	LNS-0037		2026-05-11 07:36:24.777	2026-05-11 07:36:24.777
cmp2fee0600024o5564qqbcz4	LENS	cr39				Bifocal	cr39	1.5	\N	25	-1	LNS-0045		2026-05-12 09:26:06.438	2026-06-11 07:04:45.487
cmp0w3p5w0008gg55zqqy9vw8	LENS	CL 					OASYS MONTHLY	-2.75	\N	16.5	1	LNS-0040		2026-05-11 07:38:08.804	2026-05-11 07:38:08.804
cmp0w4fuk0009gg55emm6h0ua	LENS	CL 					OASYS MONTHLY	-3	\N	16.5	1	LNS-0041		2026-05-11 07:38:43.388	2026-05-11 07:38:43.388
cmp0w4zjn000agg55toc5bnyn	LENS	CL 					OASYS MONTHLY	-3.25	\N	16.5	1	LNS-0042		2026-05-11 07:39:08.915	2026-05-11 07:39:08.915
cmp0w5jrc000bgg55gp7o5b1v	LENS	CL 					OASYS MONTHLY	-3.5	\N	16.5	1	LNS-0043		2026-05-11 07:39:35.112	2026-05-11 07:39:35.112
cmp0w5wrt000cgg55igynrgdf	LENS	CL 					OASYS MONTHLY	-3.75	\N	16.5	1	LNS-0044		2026-05-11 07:39:51.977	2026-05-11 07:39:51.977
cmozr165v00120g55y1455e1u	LENS	CL 					MOIST 1 DAY	-4.5	\N	17	0	LNS-0032		2026-05-10 12:28:26.611	2026-06-21 15:53:27.18
cmozhf7x2000d0g55hodqfral	LENS	SKF				Single Vision	CRMC	1.61	\N	30	-4	LNS-0015		2026-05-10 07:59:25.91	2026-06-18 09:38:18.735
cmoyga97h000p6855xbeb3hxs	FRAME	RICHLOOK			metal	\N	\N	\N	\N	40	9	FRM-0068		2026-05-09 14:39:48.509	2026-05-09 14:39:48.509
cmoydkrcf00046855kez91x41	FRAME	JK0378		003	PLASTIC	\N	\N	\N	\N	45	-1	FRM-0051		2026-05-09 13:23:59.727	2026-05-09 13:42:12.347
cmoyfli8j00096855kh68cesf	FRAME	OLYMPIA SG 		003	PLASTIC	\N	\N	\N	\N	38	11	FRM-0052		2026-05-09 14:20:33.811	2026-05-09 14:20:33.811
cmoyfmunv000a6855aq2chid4	FRAME	LUIS VINCY SG		003	PLASTIC	\N	\N	\N	\N	40	1	FRM-0053		2026-05-09 14:21:36.571	2026-05-09 14:21:36.571
cmoyfp5qv000b6855q11efx39	FRAME	MILANOSG			metal	\N	\N	\N	\N	40	2	FRM-0054		2026-05-09 14:23:24.247	2026-05-09 14:23:24.247
cmoyftklp000c685590wtodu5	FRAME	OPTIFLEX			PLASTIC	\N	\N	\N	\N	42	7	FRM-0055		2026-05-09 14:26:50.125	2026-05-09 14:26:50.125
cmoyfulah000d6855lyxmlviq	FRAME	PLATINUM SG			PLASTIC	\N	\N	\N	\N	42	1	FRM-0056		2026-05-09 14:27:37.673	2026-05-09 14:27:37.673
cmoyfvzbb000e6855zqsxt0x1	FRAME			PLATINUM SG	metal	\N	\N	\N	\N	45	3	FRM-0057		2026-05-09 14:28:42.503	2026-05-09 14:28:42.503
cmoyfxkat000f6855nndlj5hm	FRAME	RIDER SG			metal	\N	\N	\N	\N	40	5	FRM-0058		2026-05-09 14:29:56.357	2026-05-09 14:29:56.357
cmoyg1409000h68555myb9hmd	FRAME	EYELINE SG			PLASTIC	\N	\N	\N	\N	40	4	FRM-0060		2026-05-09 14:32:41.865	2026-05-09 14:32:41.865
cmoyg29q0000i6855euu6emgb	FRAME	MATRIX SG			PLASTIC	\N	\N	\N	\N	40	11	FRM-0061		2026-05-09 14:33:35.928	2026-05-09 14:33:35.928
cmoyg4phw000k6855tadxhvgz	FRAME	VITTORIO			metal	\N	\N	\N	\N	40	4	FRM-0063		2026-05-09 14:35:29.684	2026-05-09 14:35:29.684
cmoyg5qhh000l6855xojqe8pa	FRAME	VITTORIO			RIMLESS	\N	\N	\N	\N	45	2	FRM-0064		2026-05-09 14:36:17.621	2026-05-09 14:36:17.621
cmoyg9h9z000o6855jqhcmcnr	FRAME	RICHLOOK			PLASTIC	\N	\N	\N	\N	40	25	FRM-0067		2026-05-09 14:39:12.311	2026-05-09 14:39:12.311
cmoyg72pl000m6855kqjjdl8d	FRAME	TD			PLASTIC	\N	\N	\N	\N	35	66	FRM-0065		2026-05-09 14:37:20.121	2026-06-29 07:04:51.942
cmoyfzkor000g6855ppt5c742	FRAME	UNIQUE			PLASTIC	\N	\N	\N	\N	38	6	FRM-0059		2026-05-09 14:31:30.172	2026-05-31 09:55:54.439
cmoygdahs000s6855sr9tmzqj	FRAME	LILAL			PLASTIC	\N	\N	\N	\N	35	10	FRM-0069		2026-05-09 14:42:10.144	2026-05-09 14:42:10.144
cmoygf7kx000u6855d5s10nn8	FRAME	JUSTPOLO			PLASTIC	\N	\N	\N	\N	40	6	FRM-0070		2026-05-09 14:43:39.681	2026-05-09 14:43:39.681
cmp0w20ds0005gg55fmxzhjqm	LENS	CL 					OASYS MONTHLY	-2.5	\N	16.5	0	LNS-0038		2026-05-11 07:36:50.032	2026-06-14 18:09:35.897
cmoyj74or000x68551vja1g6z	FRAME	SWING FRAME 			METAL	\N	\N	\N	\N	35	2	FRM-0072		2026-05-09 16:01:21.531	2026-05-09 16:01:21.531
cmoyj88pg000y6855dm9hve7q	FRAME	FRAME OPTICALL			PLASTIC	\N	\N	\N	\N	35	10	FRM-0073		2026-05-09 16:02:13.396	2026-05-09 16:02:13.396
cmoyj92ga000z6855krsp92fr	FRAME	FRAME OXYGEN			PLASTIC	\N	\N	\N	\N	35	2	FRM-0074		2026-05-09 16:02:51.946	2026-05-09 16:02:51.946
cmoyja4iq00106855if1oafdt	FRAME	FRAME OXEBERY			PLASTIC	\N	\N	\N	\N	35	1	FRM-0075		2026-05-09 16:03:41.282	2026-05-09 16:03:41.282
cmoyj6e0b000w68553a9t1z4d	FRAME	SWING FRAME 			PLASTIC	\N	\N	\N	\N	35	-1	FRM-0071		2026-05-09 16:00:46.955	2026-06-18 09:33:49.495
cmozg1kf700010g55qyfapli1	LENS	SKF				Single Vision	UV BLUE CUT	1.5	\N	35	-2	LNS-0003		2026-05-10 07:20:49.315	2026-06-16 14:25:20.68
cmozg7xx700050g55ng3z43du	LENS	SKF				Bifocal	CRMC	1.5	\N	35	-11	LNS-0007		2026-05-10 07:25:46.747	2026-06-28 15:12:11.225
cmoyg3g4j000j6855w35ckk8b	FRAME	VITTORIO			PLASTIC	\N	\N	\N	\N	40	4	FRM-0062		2026-05-09 14:34:30.883	2026-05-09 16:45:24.919
cmoyg81r7000n685548e9p76t	FRAME	TD			metal	\N	\N	\N	\N	35	1	FRM-0066		2026-05-09 14:38:05.539	2026-06-29 15:22:57.373
cmp2fg7o000054o552tfwtue6	FRAME	sherif				\N	\N	\N	\N	20	0	FRM-0077		2026-05-12 09:27:31.536	2026-05-12 09:27:48.066
cmp2jzheu000b4o55nab0qo3d	LENS	CL 					bella venus daily	0	\N	7.5	1	LNS-0046		2026-05-12 11:34:29.094	2026-05-12 11:34:29.094
cmp2k0o5v000c4o5550uwohoe	LENS	CL 					bella venus daily	-1	\N	7.5	1	LNS-0047		2026-05-12 11:35:24.499	2026-05-12 11:35:24.499
cmp2k1cey000d4o55lgbv2t1h	LENS	CL 					bella venus daily	-1.25	\N	7.5	1	LNS-0048		2026-05-12 11:35:55.93	2026-05-12 11:35:55.93
cmp2k23jd000e4o555kisz2gt	LENS	CL 					bella venus daily	-1.5	\N	7.5	1	LNS-0049		2026-05-12 11:36:31.081	2026-05-12 11:36:31.081
cmp2k2ozz000f4o555pvq13lt	LENS	CL 					bella venus daily	-1.75	\N	7.5	1	LNS-0050		2026-05-12 11:36:58.895	2026-05-12 11:36:58.895
cmp2k60rd000h4o554k34c28a	LENS	CL 					bella venus daily	-2	\N	7.5	1	LNS-0051		2026-05-12 11:39:34.105	2026-05-12 11:39:34.105
cmp2k7d63000i4o553ucavisy	LENS	CL 					bella venus daily	-2.25	\N	7.5	1	LNS-0052		2026-05-12 11:40:36.843	2026-05-12 11:40:36.843
cmp2kaqjw000k4o55tquv8liv	LENS	CL 					bella venus daily	2.5	\N	7.5	1	LNS-0053		2026-05-12 11:43:14.156	2026-05-12 11:43:14.156
cmp2kb9u7000l4o5529eoypr1	LENS	CL 					bella venus daily	2.75	\N	7.5	1	LNS-0054		2026-05-12 11:43:39.151	2026-05-12 11:43:39.151
cmp2kbw8p000m4o555d6xobij	LENS	CL 					bella venus daily	-3	\N	7.5	1	LNS-0055		2026-05-12 11:44:08.185	2026-05-12 11:44:08.185
cmp2kepi9000n4o55ra5czxjd	LENS	CL 					bella pine daily	0	\N	7.5	2	LNS-0056		2026-05-12 11:46:19.425	2026-05-12 11:46:19.425
cmp2kfq1c000o4o55zcex6ha5	LENS	CL 					bella pine daily	-1	\N	7.5	1	LNS-0057		2026-05-12 11:47:06.768	2026-05-12 11:47:06.768
cmp2kgair000p4o55ud6gaq2g	LENS	CL 					bella pine daily	-2	\N	7.5	1	LNS-0058		2026-05-12 11:47:33.315	2026-05-12 11:47:33.315
cmp2kgsxx000q4o55mr8jpuqy	LENS	CL 					bella pine daily	-2.25	\N	7.5	1	LNS-0059		2026-05-12 11:47:57.189	2026-05-12 11:47:57.189
cmp2kh81b000r4o551gpk2g5a	LENS	CL 					bella pine daily	-2.5	\N	7.5	1	LNS-0060		2026-05-12 11:48:16.751	2026-05-12 11:48:16.751
cmp2ki1yk000t4o55kd8vjdby	LENS	CL 					bella pine daily	-2.75	\N	7.5	1	LNS-0061		2026-05-12 11:48:55.532	2026-05-12 11:48:55.532
cmp2kifng000u4o55i5h5iz67	LENS	CL 					bella pine daily	-3	\N	7.5	1	LNS-0062		2026-05-12 11:49:13.276	2026-05-12 11:49:13.276
cmp2rqgud000v4o55cp2gwkxx	LENS	CL 					bella almond brown daily	0	\N	7.5	2	LNS-0063		2026-05-12 15:11:25.381	2026-05-12 15:11:25.381
cmp2rr0w1000w4o55u9nxc5rz	LENS	CL 					bella almond brown daily	-1	\N	7.5	1	LNS-0064		2026-05-12 15:11:51.361	2026-05-12 15:11:51.361
cmp2rrpcr000x4o554vvq05xb	LENS	CL 					bella almond brown daily	-1.25	\N	7.5	1	LNS-0065		2026-05-12 15:12:23.067	2026-05-12 15:12:23.067
cmp2rs4ng000y4o552j3k0nr2	LENS	CL 					bella almond brown daily	-1.5	\N	7.5	1	LNS-0066		2026-05-12 15:12:42.892	2026-05-12 15:12:42.892
cmp2rsj19000z4o55ij5797bd	LENS	CL 					bella almond brown daily	-1.75	\N	7.5	1	LNS-0067		2026-05-12 15:13:01.533	2026-05-12 15:13:01.533
cmp2rsz7p00104o552pk71xau	LENS	CL 					bella almond brown daily	-2	\N	7.5	1	LNS-0068		2026-05-12 15:13:22.501	2026-05-12 15:13:22.501
cmp2rtfdd00114o55uocirewa	LENS	CL 					bella almond brown daily	-2.25	\N	7.5	1	LNS-0069		2026-05-12 15:13:43.441	2026-05-12 15:13:43.441
cmp2rtsqz00124o55x5hy742v	LENS	CL 					bella almond brown daily	-2.5	\N	7.5	1	LNS-0070		2026-05-12 15:14:00.779	2026-05-12 15:14:00.779
cmp2rupge00144o55oet944e4	LENS	CL 					bella almond brown daily	-2.75	\N	7.5	1	LNS-0071		2026-05-12 15:14:43.166	2026-05-12 15:14:43.166
cmp2rv56c00154o55tqvgflgw	LENS	CL 					bella almond brown daily	-3	\N	7.5	1	LNS-0072		2026-05-12 15:15:03.54	2026-05-12 15:15:03.54
cmp2rvpdo00164o55203bjb9y	LENS	CL 					bella almond brown daily	-3.25	\N	7.5	1	LNS-0073		2026-05-12 15:15:29.724	2026-05-12 15:15:29.724
cmp2rw7pv00174o55vckt11kt	LENS	CL 					bella almond brown daily	-4	\N	7.5	1	LNS-0074		2026-05-12 15:15:53.491	2026-05-12 15:15:53.491
cmp2rx7xc00184o55ib9sub54	LENS	CL 					bella cedar daily	0	\N	7.5	3	LNS-0075		2026-05-12 15:16:40.416	2026-05-12 15:16:40.416
cmp2rxsla00194o55p65f6ye8	LENS	CL 					bella cedar daily	-1	\N	7.5	1	LNS-0076		2026-05-12 15:17:07.198	2026-05-12 15:17:07.198
cmp2ry5r5001a4o55h9f5lb07	LENS	CL 					bella cedar daily	-1.25	\N	7.5	1	LNS-0077		2026-05-12 15:17:24.257	2026-05-12 15:17:24.257
cmp2ryjep001b4o555lhr3zlz	LENS	CL 					bella cedar daily	-1.5	\N	7.5	1	LNS-0078		2026-05-12 15:17:41.953	2026-05-12 15:17:41.953
cmp2rz16p001c4o5527ptc8xl	LENS	CL 					bella cedar daily	-1.75	\N	7.5	1	LNS-0079		2026-05-12 15:18:04.993	2026-05-12 15:18:04.993
cmp2rzh91001d4o55eb5sk5pl	LENS	CL 					bella cedar daily	-2	\N	7.5	1	LNS-0080		2026-05-12 15:18:25.813	2026-05-12 15:18:25.813
cmp2rzzx5001e4o552rf1by8i	LENS	CL 					bella cedar daily	-2.25	\N	7.5	1	LNS-0081		2026-05-12 15:18:50.009	2026-05-12 15:18:50.009
cmp2s0h31001f4o555o4rkuhr	LENS	CL 					bella cedar daily	-2.5	\N	7.5	1	LNS-0082		2026-05-12 15:19:12.253	2026-05-12 15:19:12.253
cmp2s0u49001g4o55xtruz3ju	LENS	CL 					bella cedar daily	-2.75	\N	7.5	1	LNS-0083		2026-05-12 15:19:29.145	2026-05-12 15:19:29.145
cmp2s19uh001h4o55e31rvs09	LENS	CL 					bella cedar daily	-3	\N	7.5	1	LNS-0084		2026-05-12 15:19:49.529	2026-05-12 15:19:49.529
cmp3ov7l700002855bfrcpt7l	LENS	CL 					bella rose wood daily	0	\N	7.5	5	LNS-0085		2026-05-13 06:38:53.995	2026-05-13 06:38:53.995
cmp3ovoif00012855ddhgyniu	LENS	CL 					bella rose wood daily	-1	\N	7.5	1	LNS-0086		2026-05-13 06:39:15.927	2026-05-13 06:39:15.927
cmp3ovzce00022855fhmq7kku	LENS	CL 					bella rose wood daily	-1.25	\N	7.5	1	LNS-0087		2026-05-13 06:39:29.966	2026-05-13 06:39:29.966
cmp3owbx200032855ru5j3qhx	LENS	CL 					bella rose wood daily	-1.5	\N	7.5	1	LNS-0088		2026-05-13 06:39:46.262	2026-05-13 06:39:46.262
cmp3owv5h000428550efw20ut	LENS	CL 					bella rose wood daily	-1.75	\N	7.5	1	LNS-0089		2026-05-13 06:40:11.189	2026-05-13 06:40:11.189
cmp3ox9pz00052855kmhiwovk	LENS	CL 					bella rose wood daily	-2	\N	7.5	1	LNS-0090		2026-05-13 06:40:30.071	2026-05-13 06:40:30.071
cmp3oxo6900062855q5rnq42h	LENS	CL 					bella rose wood daily	-2.25	\N	7.5	1	LNS-0091		2026-05-13 06:40:48.801	2026-05-13 06:40:48.801
cmp3oyhhe00082855dv9yhy51	LENS	CL 					bella rose wood daily	-2.5	\N	7.5	1	LNS-0092		2026-05-13 06:41:26.786	2026-05-13 06:41:26.786
cmp3oyvkh00092855yn6366nw	LENS	CL 					bella rose wood daily	-2.75	\N	7.5	1	LNS-0093		2026-05-13 06:41:45.041	2026-05-13 06:41:45.041
cmp3ozagk000a2855lk3y0zmg	LENS	CL 					bella rose wood daily	-3	\N	7.5	1	LNS-0094		2026-05-13 06:42:04.34	2026-05-13 06:42:04.34
cmp3p0kcx000b2855c3c3zl8b	LENS	CL 					bella ash brown daily	0	\N	7.5	5	LNS-0095		2026-05-13 06:43:03.825	2026-05-13 06:43:03.825
cmp3p109i000c28559oit50eo	LENS	CL 					bella ash brown daily	-1	\N	7.5	1	LNS-0096		2026-05-13 06:43:24.438	2026-05-13 06:43:24.438
cmp3p1er5000d2855r4gd0w6a	LENS	CL 					bella ash brown daily	-1.25	\N	7.5	1	LNS-0097		2026-05-13 06:43:43.217	2026-05-13 06:43:43.217
cmp3p2drz000f28552ub56hvv	LENS	CL 					bella ash brown daily	-1.5	\N	7.5	1	LNS-0099		2026-05-13 06:44:28.607	2026-05-13 06:44:28.607
cmp3p30iw000g28554ehkvkr6	LENS	CL 					bella ash brown daily	-1.75	\N	7.5	1	LNS-0100		2026-05-13 06:44:58.088	2026-05-13 06:44:58.088
cmp3p3j1e000h2855c7rawaqo	LENS	CL 					bella ash brown daily	-2	\N	7.5	1	LNS-0101		2026-05-13 06:45:22.082	2026-05-13 06:45:22.082
cmp3p3w67000i28550la0pdr8	LENS	CL 					bella ash brown daily	-2.25	\N	7.5	1	LNS-0102		2026-05-13 06:45:39.103	2026-05-13 06:45:39.103
cmp3p48jj000j2855qdolaw93	LENS	CL 					bella ash brown daily	-2.5	\N	7.5	1	LNS-0103		2026-05-13 06:45:55.135	2026-05-13 06:45:55.135
cmp3p4rg2000k2855yckvsljo	LENS	CL 					bella ash brown daily	-2.75	\N	7.5	1	LNS-0104		2026-05-13 06:46:19.634	2026-05-13 06:46:19.634
cmp3p5931000l2855fvfgqt7z	LENS	CL 					bella ash brown daily	-3	\N	7.5	1	LNS-0105		2026-05-13 06:46:42.493	2026-05-13 06:46:42.493
cmp3rc6p8000m2855srf83luy	FRAME	KYRA			PLASTIC	\N	\N	\N	\N	40	6	FRM-0078		2026-05-13 07:48:05.228	2026-05-13 07:49:23.811
cmpsgtnxl0002ps55p3zyll3p	FRAME	EFFILE PENTAX 9110		BLUE	METAL	\N	\N	\N	\N	35	0	FRM-0088		2026-05-30 14:47:59.337	2026-05-30 14:48:35.68
cmp5s5q4x00087855a6izru87	FRAME	RED			metal	\N	\N	\N	\N	10	0	FRM-0079		2026-05-14 17:46:35.793	2026-05-14 17:48:44.99
cmp5sa364000d7855ff09a04g	ACCESSORY					\N	\N	\N	STRING	1	9	ACC-0002		2026-05-14 17:49:59.308	2026-05-14 17:50:39.791
cmp8h7yv000017455tpdhf6q5	FRAME	UNITED COLOR OF BENETTON			PLASTIC	\N	\N	\N	\N	0	-1	FRM-0080		2026-05-16 15:03:43.164	2026-05-16 15:04:23.06
cmq17puvc00022s55dgijsnaa	LENS	zeiss				Progressive	xt  smart life individual 3	1.6	\N	255	4	LNS-0112		2026-06-05 17:43:00.744	2026-06-05 17:46:28.572
cmq23aimg0000fs555rphn96n	FRAME	MODO		BLACK	metal	\N	\N	\N	\N	35	0	FRM-0091		2026-06-06 08:26:52.745	2026-06-06 08:27:32.62
cmq5ghltr000cd855eencrrgt	FRAME	DELTA EYEWEAR		BLACK	PLASTIC	\N	\N	\N	\N	32	0	FRM-0092		2026-06-08 16:59:37.023	2026-06-08 17:03:50.418
cmq5j7n8l000id85587td88lo	LENS	CELENA DAILY					VIVID GREY 	0	\N	8.5	0	LNS-0113		2026-06-08 18:15:51.141	2026-06-08 18:16:32.674
cmpr01m6h00002w5521ibiuf6	ACCESSORY					\N	\N	\N	case	1	8	ACC-0004		2026-05-29 14:10:30.665	2026-06-09 08:23:26.113
cmpzejgcc0002k055m7ytbhik	LENS	BELLA DAILY					ALMOND BROWN	-0.75	\N	7.5	-2	LNS-0111		2026-06-04 11:18:26.94	2026-06-30 08:37:04.766
cmpieuw4c000uvw558qq2vgp8	FRAME	ALEXANTRY			metal	\N	\N	\N	\N	30	3	FRM-0085		2026-05-23 13:55:15.612	2026-06-13 08:22:06.296
cmpldv592000aiw55d7jingw2	FRAME	READING GLASS			PLASTIC	\N	\N	\N		15	14	FRM-0086		2026-05-25 15:50:46.358	2026-06-14 18:11:49.8
cmpbbncyv00008c55jeie3isf	FRAME	RAYMAX			PLASTIC	\N	\N	\N	\N	32	0	FRM-0081		2026-05-18 14:51:02.119	2026-05-18 14:52:23.449
cmp3ujl80000s2855tjtm63zf	ACCESSORY					\N	\N	\N	STRING	1	18	ACC-0001		2026-05-13 09:17:49.488	2026-05-18 16:53:07.59
cmpdwtlim0009e8556r9nzqy2	FRAME	READING	+1.50	948	PLASTIC	\N	\N	\N	\N	10	9	FRM-0083		2026-05-20 10:19:17.422	2026-05-20 10:19:54.159
cmpu11hrz0009ow55ln17l71l	FRAME	CAROLINA HERRERA		BLUE	PLASTIC	\N	\N	\N	\N	15	0	FRM-0089		2026-05-31 17:01:43.103	2026-05-31 17:02:24.371
cmpijsmh60000js55d4d8ng5o	LENS	bella					ceder	\N	\N	7.5	9	LNS-0108		2026-05-23 16:13:27.882	2026-05-23 16:15:00.598
cmpcxrf19000f4c556ek2t9vj	FRAME	NANO	3180	948	PLASTIC	\N	\N	\N	\N	48	8	FRM-0082		2026-05-19 17:57:49.149	2026-05-23 18:15:49.239
cmpvgcge900083o55rqzassmq	ACCESSORY	WET TISSUE				\N	\N	\N	CLEANING	2	18	ACC-0005		2026-06-01 16:57:54.945	2026-06-01 16:58:21.543
cmpwsmf4q0005c85542syzuyd	FRAME	UNIQUE		BLACK	PLASTIC	\N	\N	\N	\N	38	0	FRM-0090	SUN GLASS	2026-06-02 15:29:21.434	2026-06-02 15:30:14.728
cmplfp3tf000iiw55ltwmcnxx	FRAME	PACINO		BLACK	PLASTIC	\N	\N	\N	\N	32	-3	FRM-0087		2026-05-25 16:42:03.795	2026-06-18 09:37:44.696
cmpwwmrtm000ec855xgui51ay	LENS	BELLA ELITE					EMERALD GREEN(MONTHLY)	-0.5	\N	14	0	LNS-0109		2026-06-02 17:21:36.346	2026-06-18 14:55:38.325
cmpfm1vks001gt455g3y74m1r	FRAME	ODYSEY		BLACK	metal	\N	\N	\N	\N	35	1	FRM-0084		2026-05-21 14:53:20.284	2026-06-19 13:53:41.249
cmpfcyu3a000ot455ao7ok5v4	ACCESSORY	FITTING.SCREW/CORD				\N	\N	\N		1	18	ACC-0003		2026-05-21 10:39:01.846	2026-06-28 16:32:30.872
cmpfrjwwt001ot455e6jlrsoa	LENS	SOLUTION						\N	\N	2	3	LNS-0107		2026-05-21 17:27:19.901	2026-06-28 16:45:04.466
cmpfm0m3y001ft455j1359h66	LENS	ESSILOR				Single Vision	CRIZAL ROCK UV	1.59	\N	90	8	LNS-0106		2026-05-21 14:52:21.358	2026-06-29 09:20:31.398
cmozgjkqf00080g55szqyg6p9	LENS	SKF				Progressive	MC	1.5	\N	45	-4	LNS-0010		2026-05-10 07:34:49.527	2026-06-10 16:23:22.9
cmq8a6d6n000k1455lza8yo8k	FRAME	JEANS CLUB		BLACK	PLASTIC	\N	\N	\N	\N	35	0	FRM-0094		2026-06-10 16:26:13.439	2026-06-10 16:26:34.759
cmq5k27gs000td8550keif54z	FRAME	OPTICALL		BLACK	PLASTIC	\N	\N	\N	\N	15	-1	FRM-0093		2026-06-08 18:39:37.036	2026-06-11 17:18:58.359
cmqc40kqb000e0w55oh2a725v	FRAME	FITTING			REPAIR	\N	\N	\N	\N	1	9	FRM-0095		2026-06-13 08:44:50.291	2026-06-13 08:45:22.127
cmqe156060004hw554oarmea4	FRAME	CABALLO			metal	\N	\N	\N	\N	35	0	FRM-0096		2026-06-14 16:59:57.99	2026-06-14 17:00:18.083
cmqwh8n0u0001ng55xky8yv1l	FRAME	forever sg		black	metal	\N	\N	\N	\N	25	2	FRM-0098		2026-06-27 14:50:25.038	2026-06-27 14:50:53.063
cmpzein0a0001k055iwbnwarc	LENS	BELLA DAILY					ASH BROWN	-0.75	\N	7.5	-2	LNS-0110		2026-06-04 11:17:48.922	2026-06-27 16:37:51.399
cmqrrj3uu00015055vg72oc0y	FRAME	SWING FRAME 		BLUE	PLASTIC	\N	\N	\N	\N	42	-1	FRM-0097		2026-06-24 07:39:38.694	2026-06-28 17:54:34.792
cmqzh2q6v000n8455s5j3d4s5	LENS	CL 					OASYS MONTHLY FOR ASTIGMATISM	\N	\N	22	0	LNS-0114		2026-06-29 17:09:07.735	2026-06-29 17:10:17.942
\.


--
-- Data for Name: Invoice; Type: TABLE DATA; Schema: public; Owner: postgres
--

COPY public."Invoice" (id, "customerId", "totalAmount", "paidAmount", "paymentMethod", status, notes, "createdAt", "updatedAt", "createdById") FROM stdin;
cmou07w360006vk55204zduzw	cmotzza0f0002vk55lm5qz3su	35	35	KNET	PAID		2026-05-06 11:58:59.634	2026-05-06 11:58:59.634	\N
cmou88cyq001cvk555r3i8r5b	cmou863o00019vk55nwawt8rx	10	10	KNET	PAID		2026-05-06 15:43:18.434	2026-05-06 15:43:48.071	\N
cmouahb8o001jvk55f01ykx8n	cmouae5v7001fvk552wegvc9k	25	25	Cash	PAID		2026-05-06 16:46:15.336	2026-05-06 17:00:09.18	\N
cmou8a4n9001evk55jufvwydv	cmou7v5hk0012vk55zdifsckr	300	300	KNET	PAID		2026-05-06 15:44:40.965	2026-05-06 17:00:30.396	\N
cmpldwzxx000eiw55zkkr8yaq	cmpldvpxy000biw555lhtgbon	10	10	Cash	PAID	\N	2026-05-25 15:52:12.789	2026-05-25 15:52:12.789	\N
cmox96ou7000aj055nuf1vjrd	cmox8rzqi0003j055bnvvn5a5	53	53	Cash	PAID		2026-05-08 18:33:18.655	2026-05-08 18:36:02.625	\N
cmoyccjei000068559fptvy0y	cmox8rzqi0003j055bnvvn5a5	151	151	\N	PAID	\N	2026-05-09 12:49:36.57	2026-05-09 16:44:31.323	\N
cmp2fhn3d00084o55tnq6q4lb	cmp2f9eg400004o555aojkr4g	45	45	KNET	PAID	\N	2026-05-12 09:28:38.185	2026-05-12 09:28:58.356	\N
cmozy680z00170g55vlmxovzi	cmozy198l00130g55uhm4yvzo	5	5	\N	PAID	\N	2026-05-10 15:48:19.619	2026-05-12 10:52:36.824	\N
cmp2v1tzd001m4o55w0kb2vs6	cmp2uxma8001i4o55shj7ig4n	40	40	Cash	PAID	\N	2026-05-12 16:44:14.473	2026-05-12 16:44:14.473	\N
cmp3rebl3000q2855b3ghxinn	cmp3rd0oo000n28554ytzv51t	25	25	KNET	PAID	\N	2026-05-13 07:49:44.871	2026-05-13 07:49:44.871	\N
cmp3unnzd000v285565sl36oh	cmp3rd0oo000n28554ytzv51t	1	1	Cash	PAID	\N	2026-05-13 09:20:59.689	2026-05-13 09:20:59.689	\N
cmp465kl500152855c0x6rsi4	cmp45xc7r000x2855cndhtmk6	90	90	KNET	PAID	\N	2026-05-13 14:42:50.873	2026-05-13 14:42:50.873	\N
cmp5op79z000478559lonj7cc	cmp5omnti00007855014vws34	20	20	KNET	PAID	\N	2026-05-14 16:09:46.007	2026-05-14 16:09:46.007	\N
cmp5sbmj7000g7855iu7bkomw	cmp5s2zas00067855gelhxaar	19	19	KNET	PAID	\N	2026-05-14 17:51:11.059	2026-05-14 17:51:11.059	\N
cmp8ha4jv00067455qgh21n19	cmp5s2zas00067855gelhxaar	18	18	KNET	PAID	\N	2026-05-16 15:05:23.851	2026-05-16 15:05:23.851	\N
cmpbbqthe00048c55ytuuapyz	cmpbbo47300018c55474ypz2v	25	25	KNET	PAID	\N	2026-05-18 14:53:43.49	2026-05-18 14:53:43.49	\N
cmpbg0uw200088c55vh4mhx0k	cmpbbo47300018c55474ypz2v	1	1	Cash	PAID	\N	2026-05-18 16:53:30.338	2026-05-18 16:53:30.338	\N
cmpch2sws00044c55y056mo1u	cmpcgymun00004c55huru2ai0	28	28	KNET	PAID	\N	2026-05-19 10:10:46.876	2026-05-19 10:10:46.876	\N
cmpcxvbow000k4c553m0qtjac	cmpcxm83k000d4c55qd2ik4hj	20	20	Cash	PAID	\N	2026-05-19 18:00:51.44	2026-05-19 18:00:51.44	\N
cmpd035df000p4c557ld9xhcg	cmpd01cnj000m4c55d9kbtxpj	25	25	KNET	PAID	\N	2026-05-19 19:02:55.731	2026-05-19 19:03:08.28	\N
cmpdwv7gv000ce8554bakew42	cmpdwrqos0008e855rmpgrace	8	8	KNET	PAID	\N	2026-05-20 10:20:32.527	2026-05-20 10:20:45.346	\N
cmpfd1xte000rt45537il4m3z	cmpfcua7m000mt455bwpdjbo1	0.5	0.5	Cash	PAID	\N	2026-05-21 10:41:26.642	2026-05-21 10:41:41.36	\N
cmpfm50yx001lt455bf8duttr	cmpflu24f001dt4554ws280ve	105	105	KNET	PAID	\N	2026-05-21 14:55:47.241	2026-05-21 14:56:18.939	\N
cmpfrl4io001rt455a2m80gjg	cmpfrjedx001nt455o0gq49sr	1.5	1.5	KNET	PAID	\N	2026-05-21 17:28:16.416	2026-05-21 17:28:26.671	\N
cmpi9rpi4000qvw559q11oh8x	cmpi9lsqg000mvw55kjnwiol5	50	50	KNET	PAID	\N	2026-05-23 11:32:48.988	2026-05-23 11:33:04.729	\N
cmpievwvi000xvw559321ldnd	cmpieso63000svw55yo7de9gv	30	30	KNET	PAID	\N	2026-05-23 13:56:03.246	2026-05-23 13:56:14.5	\N
cmpijv07c0005js55dyo94rx3	cmpijtbwt0001js55cido69rb	7.5	7.5	KNET	PAID	\N	2026-05-23 16:15:18.984	2026-05-23 16:15:31.82	\N
cmpio1g0t000ejs555jyefc7n	cmpinx9x90008js55t2ya95v8	45	45	KNET	PAID	\N	2026-05-23 18:12:17.885	2026-05-23 18:12:28.166	\N
cmpio6lns000mjs55ueav83kw	cmpio2ndc000gjs55qqn9881p	73	73	KNET	PAID	\N	2026-05-23 18:16:18.472	2026-05-23 18:16:27.378	\N
cmpjkih94000phw55zp83te0s	cmpdw8d0u0004e8559wfce30h	35	35	Cash	PAID	\N	2026-05-24 09:21:20.344	2026-05-24 09:21:20.344	\N
cmpl3bi1i0003iw55cum5dhkd	cmpl39rfo0000iw55nzj3bdu0	0.5	0.5	Cash	PAID	\N	2026-05-25 10:55:33.654	2026-05-25 10:55:33.654	\N
cmplb64fp0008iw553q6hij6a	cmplb5bmh0005iw55m9d2b2ua	0.5	0.5	Cash	PAID	\N	2026-05-25 14:35:19.669	2026-05-25 14:35:19.669	\N
cmplfrmss000niw55fyb3uuxp	cmplfmt1u000giw55glszqeea	58	58	KNET	PAID	\N	2026-05-25 16:44:01.708	2026-05-25 16:44:01.708	\N
cmplj1zuo0003fw55ziouomy1	cmplj0ra70000fw55r8hsf3vk	10	10	KNET	PAID	\N	2026-05-25 18:16:04.032	2026-05-25 18:16:04.032	\N
cmpmayoj60004rc55asl04azz	cmpjftfmr0000hw554l60xksa	0.5	0.5	KNET	PAID	REPAIR	2026-05-26 07:17:18.642	2026-05-26 07:17:18.642	\N
cmppl4eht0003vw55iefxrqr6	cmppl2xyu0000vw55178k8hq4	5	5	KNET	PAID	\N	2026-05-28 14:25:00.257	2026-05-28 14:25:09.381	\N
cmpplawpb000bvw55drpxmd27	cmppl5aqy0005vw555altjnnq	50	50	Cash	PAID	\N	2026-05-28 14:30:03.791	2026-05-28 14:30:15.318	\N
cmppn96ii000jvw55aahw82og	cmppn2oy0000dvw5511v4qaah	50	50	KNET	PAID	\N	2026-05-28 15:24:42.426	2026-05-28 15:24:59.677	\N
cmpr046g800042w55cq6dchi7	cmpr02put00012w555eahu5q5	1	1	Cash	PAID	\N	2026-05-29 14:12:30.248	2026-05-29 14:12:30.248	\N
cmpsgx3bk0007ps55ds8tzad8	cmpsgp3mj0000ps55vnx9str7	65	65	KNET	PAID	EFFILE PENTAX WITH POLY MC = 65 KD.	2026-05-30 14:50:39.248	2026-05-30 14:50:39.248	\N
cmptlw3dc0006ow55l36zmur5	cmptlncod0000ow55v5exh9wy	55	55	KNET	PAID	\N	2026-05-31 09:57:36.912	2026-05-31 09:57:45.31	\N
cmpuw38ab00033o55ujvf1lbe	cmpuw1hoz00003o55hadjxxtr	0.5	0.5	KNET	PAID	\N	2026-06-01 07:30:52.211	2026-06-01 07:30:52.211	\N
cmpu135mj000cow55k25ahjkw	cmpu10cs60008ow559lnvzvp2	15	15	\N	PAID	\N	2026-05-31 17:03:00.667	2026-06-01 11:39:40.75	\N
cmpvgdep7000b3o55zs119gxf	cmpvg9skr00063o55i3vk296x	4	4	KNET	PAID	\N	2026-06-01 16:58:39.403	2026-06-01 16:58:47.759	\N
cmpvgidh5000f3o55tjxodea4	cmpu10cs60008ow559lnvzvp2	15	15	Cash	PAID	\N	2026-06-01 17:02:31.097	2026-06-01 17:02:38.818	\N
cmpwso7ou0009c855yc1nlc2f	cmpwsmvue0006c85554o3tdqo	30	30	KNET	PAID	SUN GLASS	2026-06-02 15:30:45.102	2026-06-02 15:30:45.102	\N
cmpwrtpym0004c855wpaxkmfk	cmpwrqhrv0000c855jbx4l7zd	30	30	\N	PAID	\N	2026-06-02 15:07:02.446	2026-06-02 15:34:14.594	\N
cmpzencup0007k055qtqbbtdz	cmovryzx50000vw555cs4futu	15	15	KNET	PAID	\N	2026-06-04 11:21:29.041	2026-06-04 11:21:29.041	\N
cmq17unqz00092s55d9xchi52	cmq17frun00002s55qzrg8r20	200	200	KNET	PAID	\N	2026-06-05 17:46:44.795	2026-06-05 17:46:57.295	\N
cmq2e4oy80007fs55i66kc7yj	cmq2e359d0004fs55dqg92um1	25	25	KNET	PAID	\N	2026-06-06 13:30:16.784	2026-06-06 13:30:16.784	\N
cmpznwson000bk055gmtu9dc1	cmozy198l00130g55uhm4yvzo	10	10	\N	PAID	\N	2026-06-04 15:40:46.007	2026-06-07 07:39:33.52	\N
cmq3idyss0003ms55zvj71pru	cmpdwrqos0008e855rmpgrace	28	28	Cash	PAID	\N	2026-06-07 08:17:14.092	2026-06-07 08:17:14.092	\N
cmq23bngo0003fs555wvn0zdv	cmptlncod0000ow55v5exh9wy	28	28	\N	PAID	\N	2026-06-06 08:27:45.672	2026-06-09 06:45:27.882	\N
cmq4y1ssm0004d8558xp195j2	cmq4xxtjx0000d855isns9rzg	7.5	7.5	KNET	PAID	\N	2026-06-08 08:23:26.47	2026-06-08 08:23:38.973	\N
cmq598gna000ad855b2hecwzh	cmq595gv40006d855guwcd40c	35	35	Cash	PAID	\N	2026-06-08 13:36:33.094	2026-06-08 13:36:46.932	\N
cmq5gnzcm000fd855cgzy6a9f	cmp45xc7r000x2855cndhtmk6	28	28	Cash	PAID	\N	2026-06-08 17:04:34.486	2026-06-08 17:04:34.486	\N
cmq5j8wtp000ld855iuxest9b	cmq5j6ooj000hd855wm340x1x	8.5	8.5	KNET	PAID	\N	2026-06-08 18:16:50.221	2026-06-08 18:16:50.221	\N
cmq5jma38000qd8555mejeca4	cmq5jl4va000nd855e50b0ni2	1.5	1.5	KNET	PAID	\N	2026-06-08 18:27:13.94	2026-06-08 18:27:13.94	\N
cmq5k2xe4000wd855ddosvxvo	cmq5k1khf000sd855lc5067o2	5	5	KNET	PAID	\N	2026-06-08 18:40:10.636	2026-06-08 18:40:10.636	\N
cmq6dhwx9000apk55060g2gyp	cmq6dgh6k0007pk55v5zo12en	1	1	Cash	PAID	\N	2026-06-09 08:23:38.733	2026-06-09 08:23:38.733	\N
cmqkzpasm0003v855m33l3jfr	cmqkzls4t0000v8552fj20amz	25	25	KNET	PAID	\N	2026-06-19 13:54:01.318	2026-06-19 13:54:01.318	cmoycvyjv00016855e0gjp0r7
cmq6df53g0005pk55jjry66d4	cmq6d59520001pk55jcn8243i	28	28	KNET	PAID	\N	2026-06-09 08:21:29.356	2026-06-10 08:18:55.965	\N
cmq7y1wpv000c1455f673i0cm	cmq7y0ujm00091455ahenanzr	10	10	KNET	PAID	\N	2026-06-10 10:46:50.083	2026-06-10 10:46:57.035	cmoycvyjv00016855e0gjp0r7
cmq8a3hyb000g1455cmqs6hqn	cmq7r8jnp000014558x7ozlx2	45	45	KNET	PAID	mc photogrey	2026-06-10 16:23:59.651	2026-06-10 16:24:20.592	cmox85fji0002j055n6y1wh9g
cmq8a7are000n1455a4j3xkis	cmq8a5hjj000j14554zrtba2z	25	25	KNET	PAID	\N	2026-06-10 16:26:56.954	2026-06-10 16:26:56.954	cmox85fji0002j055n6y1wh9g
cmq8aabxk000r1455iwqc786j	cmpjftfmr0000hw554l60xksa	0.5	0.5	Cash	PAID	\N	2026-06-10 16:29:18.44	2026-06-10 16:29:18.44	cmox85fji0002j055n6y1wh9g
cmq8b0k7b000v1455hbpu0zzn	cmq7r8jnp000014558x7ozlx2	35	35	KNET	PAID	\N	2026-06-10 16:49:42.215	2026-06-10 16:49:42.215	cmox85fji0002j055n6y1wh9g
cmq95ki440003nk5517e0ybm7	cmq95iz0u0000nk55v44n6t0i	10	10	KNET	PAID	\N	2026-06-11 07:05:01.108	2026-06-11 07:05:01.108	cmox85fji0002j055n6y1wh9g
cmq9j7npj0008nk552ofkv4d3	cmq9j4thb0005nk55wb5o2v2u	13	13	Cash	PAID	\N	2026-06-11 13:26:56.455	2026-06-11 13:27:05.992	cmox85fji0002j055n6y1wh9g
cmq9mra3f000dnk550wnot111	cmq9mq1yh000ank55jmi5xlnc	8	8	Cash	PAID	\N	2026-06-11 15:06:10.779	2026-06-11 15:06:19.255	cmoycvyjv00016855e0gjp0r7
cmq9rkico000lnk55o28q6ubq	cmq9rghz8000fnk55pes6p8i1	35	40	KNET	PAID	\N	2026-06-11 17:20:52.968	2026-06-11 17:20:52.968	cmoycvyjv00016855e0gjp0r7
cmq9t5i1e000rnk55mi41ijr6	cmq9t2jgo000nnk55oofjens6	30	30	KNET	PAID	\N	2026-06-11 18:05:11.954	2026-06-11 18:05:11.954	cmoycvyjv00016855e0gjp0r7
cmqb3hsrd00030w55f2brldxj	cmqb3fu8d00000w55v3cgllku	30	30	KNET	PAID	\N	2026-06-12 15:42:28.057	2026-06-12 15:42:28.057	cmox85fji0002j055n6y1wh9g
cmqc38nfv000b0w55tpoa23l6	cmqc34joj00050w55t28o54na	70	70	Cash	PAID	\N	2026-06-13 08:23:07.435	2026-06-13 08:23:07.435	cmoycvyjv00016855e0gjp0r7
cmqc41qf7000h0w55rqb7a4fa	cmqc3znaj000d0w55snteanl9	0.5	0.5	Cash	PAID	\N	2026-06-13 08:45:44.323	2026-06-13 08:45:44.323	cmoycvyjv00016855e0gjp0r7
cmqcex6k60006705598oif0nz	cmqcetptb00007055quuibetb	50	50	Cash	PAID	\N	2026-06-13 13:50:07.734	2026-06-13 13:50:07.734	cmoycvyjv00016855e0gjp0r7
cmqcmn0jy000c70556yyp12pz	cmqcmj24q00087055ax2slclf	20	20	KNET	PAID	\N	2026-06-13 17:26:10.318	2026-06-13 17:26:10.318	cmoycvyjv00016855e0gjp0r7
cmqcpyce90006l055yr9y81ek	cmqcpv7qn0000l0555q4z931v	35	30	Cash	PARTIAL	\N	2026-06-13 18:58:57.729	2026-06-13 18:58:57.729	cmoycvyjv00016855e0gjp0r7
cmqe3nji8000bhw55b8kh86xl	cmpdpst9q0002e855em5goj9w	16.5	16.5	KNET	PAID	\N	2026-06-14 18:10:14.528	2026-06-14 18:10:14.528	cmox85fji0002j055n6y1wh9g
cmqe3qata000ghw55zcz581wf	cmqe3ofng000dhw55pb1a0rwj	8	8	KNET	PAID	\N	2026-06-14 18:12:23.23	2026-06-14 18:12:23.23	cmox85fji0002j055n6y1wh9g
cmqetyfrc0003o855df8tztwd	cmqetx04d0000o8556o2j8sq3	1	1	KNET	PAID	\N	2026-06-15 06:26:32.904	2026-06-15 06:26:32.904	cmox85fji0002j055n6y1wh9g
cmqez4agf0008o85564g74ifd	cmqez28410005o855r8vr325h	0.5	0.5	\N	PAID	\N	2026-06-15 08:51:04.047	2026-06-15 08:51:36.07	cmox85fji0002j055n6y1wh9g
cmqgqihfn00054c55qojag9ja	cmqgqgdbr00014c5573szs42j	35	35	KNET	PAID	\N	2026-06-16 14:25:42.083	2026-06-16 14:25:42.083	cmoycvyjv00016855e0gjp0r7
cmqjae2wk0005nw55rr9v3ezt	cmqja35fk0000nw557gziycf1	56	56	\N	PAID	\N	2026-06-18 09:17:41.3	2026-06-18 09:18:12.867	cmoycvyjv00016855e0gjp0r7
cmqjmia1g000lnw55716446vz	cmou863o00019vk55nwawt8rx	10	10	\N	PAID	wlid honey -8.00and -9.50	2026-06-18 14:56:52.564	2026-06-18 14:56:52.564	cmoycvyjv00016855e0gjp0r7
cmqjb5xu1000hnw55uzsy6eqn	cmqjav3bp0008nw55fjc1s6d2	120	120	KNET	PAID	\N	2026-06-18 09:39:21.097	2026-06-18 17:27:15.787	cmoycvyjv00016855e0gjp0r7
cmqny7cfv00051s55gt1uw0os	cmqnxtud300001s55kf6kpll7	28	28	KNET	PAID	\N	2026-06-21 15:35:22.555	2026-06-21 15:35:22.555	cmox85fji0002j055n6y1wh9g
cmqnyv4f5000b1s55wuu8swo2	cmqnypv7d00081s55kmdly2tl	17	17	KNET	PAID	\N	2026-06-21 15:53:51.905	2026-06-21 15:53:51.905	cmox85fji0002j055n6y1wh9g
cmqhql0v600027w55ra4n0n9y	cmq9t2jgo000nnk55oofjens6	30	30	\N	PAID	\N	2026-06-17 07:15:26.754	2026-06-21 17:48:15.862	cmox85fji0002j055n6y1wh9g
cmqe15zym0007hw550zlg03nx	cmqe10kjq0000hw556m1ynwiq	45	45	Cash	PAID	\N	2026-06-14 17:00:36.814	2026-06-22 08:07:06.377	cmox85fji0002j055n6y1wh9g
cmqp5z5r30004bs55wanl123s	cmqp5y0q60001bs55yyq4kkxy	7.5	7.5	KNET	PAID	\N	2026-06-22 12:00:43.743	2026-06-22 12:00:43.743	cmoycvyjv00016855e0gjp0r7
cmqrrk90p00045055ycg4xfqv	cmqrrifsh000050553t2h1yps	33	33	KNET	PAID	\N	2026-06-24 07:40:32.041	2026-06-24 07:40:32.041	cmox85fji0002j055n6y1wh9g
cmqtl57pc0003kw556cam0si7	cmqtl0s820000kw55oj7v9ytv	1.5	1.5	Cash	PAID	\N	2026-06-25 14:16:25.152	2026-06-25 14:16:25.152	cmoycvyjv00016855e0gjp0r7
cmqwl3y8u0007ng55zimidnfe	cmqwl18jy0004ng55idk636ev	7	7	KNET	PAID	\N	2026-06-27 16:38:44.766	2026-06-27 16:38:44.766	cmoycvyjv00016855e0gjp0r7
cmqxxh8nq00037455htdsazgb	cmqxxc6gl00007455fmbtbe85	35	35	KNET	PAID	\N	2026-06-28 15:12:46.358	2026-06-28 15:12:46.358	cmox85fji0002j055n6y1wh9g
cmqy0c8s5000a7455s0c9s4tg	cmqy0a9fy00057455k63vnrce	2	2	KNET	PAID	\N	2026-06-28 16:32:52.085	2026-06-28 16:32:52.085	cmox85fji0002j055n6y1wh9g
cmqy0s820000f7455qb49ztsd	cmqy0qxe3000c7455bojt6jd2	1	1	KNET	PAID	\N	2026-06-28 16:45:17.64	2026-06-28 16:45:17.64	cmox85fji0002j055n6y1wh9g
cmqyuyk7000038455iev7ckry	cmqyuxcvf00008455298qeytn	27	27	KNET	PAID	\N	2026-06-29 06:50:01.788	2026-06-29 06:50:01.788	cmoycvyjv00016855e0gjp0r7
cmqyvi4ju00088455ou0qzhcm	cmqyvgoe200058455cwnp0bbw	27	27	KNET	PAID	\N	2026-06-29 07:05:14.634	2026-06-29 07:05:14.634	cmoycvyjv00016855e0gjp0r7
cmqz0cn6w000e84552fgsl1z6	cmqyzoey8000a8455l4mdp0cd	80	45	KNET	PARTIAL	\N	2026-06-29 09:20:56.936	2026-06-29 09:20:56.936	cmoycvyjv00016855e0gjp0r7
cmqzdan50000j8455ybo3vivo	cmqzd94xa000g84559s4v2yj4	25	25	KNET	PAID	\N	2026-06-29 15:23:18.564	2026-06-29 15:23:18.564	cmox85fji0002j055n6y1wh9g
cmqzh4obz000q8455rbnvwh1r	cmqzgz52e000l845590eh7x7s	44	0	\N	UNPAID	\N	2026-06-29 17:10:38.639	2026-06-29 17:10:38.639	cmox85fji0002j055n6y1wh9g
cmqy3sv4b00039w5544kgh7oh	cmpcxm83k000d4c55qd2ik4hj	40	40	KNET	PAID	\N	2026-06-28 18:09:46.379	2026-06-29 17:39:27.416	cmox85fji0002j055n6y1wh9g
cmr0e8rf10005uw551qp9vkuo	cmr0e1z8k0000uw55x2vorecu	7.5	7.5	KNET	PAID	\N	2026-06-30 08:37:36.589	2026-06-30 08:37:36.589	cmox85fji0002j055n6y1wh9g
\.


--
-- Data for Name: Order; Type: TABLE DATA; Schema: public; Owner: postgres
--

COPY public."Order" (id, "customerId", "examinationId", status, notes, "createdAt", "updatedAt", "invoiceId", "createdById") FROM stdin;
cmou05yph0004vk55258bvhjw	cmotzza0f0002vk55lm5qz3su	cmou0255k0003vk55tccw8dlo	NEW		2026-05-06 11:57:29.717	2026-05-06 11:57:29.717	\N	\N
cmou7t1u40010vk558dpav553	cmou7niq0000yvk55jp7czsl3	\N	NEW		2026-05-06 15:31:24.172	2026-05-06 15:31:24.172	\N	\N
cmou80mc60014vk5520zu6luu	cmou7v5hk0012vk55zdifsckr	\N	NEW	ELITE DUALFREE DISIGN ,POLY;XT GRAY	2026-05-06 15:37:17.334	2026-05-06 15:37:17.334	\N	\N
cmou82yff0017vk55elpsn9y4	cmou823fc0016vk55mv9pxraf	\N	NEW		2026-05-06 15:39:06.315	2026-05-06 15:39:06.315	\N	\N
cmou87egx001avk55hlsmbahm	cmou863o00019vk55nwawt8rx	\N	NEW	CL BELLA ELITE ;WILD HONEY	2026-05-06 15:42:33.729	2026-05-06 15:42:33.729	\N	\N
cmouagcc8001hvk55z9tyvhpv	cmouae5v7001fvk552wegvc9k	\N	NEW		2026-05-06 16:45:30.104	2026-05-06 16:45:30.104	\N	\N
cmovssr800004vw55k7i74phs	cmovryzx50000vw555cs4futu	cmovs1r5f0001vw55c45feb6y	NEW	POLY/MC/UV 420	2026-05-07 18:06:48.528	2026-05-07 18:06:48.528	\N	\N
cmox7w5x00000j055guud3sbv	cmovryzx50000vw555cs4futu	cmovs1r5f0001vw55c45feb6y	NEW		2026-05-08 17:57:07.956	2026-05-08 17:57:07.956	\N	\N
cmox8segb0004j0551mnb9iqr	cmox8rzqi0003j055bnvvn5a5	\N	NEW		2026-05-08 18:22:12.011	2026-05-09 12:49:36.58	cmoyccjei000068559fptvy0y	\N
cmox8sp8z0006j0554cfpxigz	cmox8rzqi0003j055bnvvn5a5	\N	NEW		2026-05-08 18:22:26.003	2026-05-09 12:49:36.58	cmoyccjei000068559fptvy0y	\N
cmox9698h0008j0552c8rdv0n	cmox8rzqi0003j055bnvvn5a5	\N	NEW		2026-05-08 18:32:58.433	2026-05-09 12:49:36.58	cmoyccjei000068559fptvy0y	\N
cmoydya7w00056855wmmschg1	cmoyd1ucz000268554u352rk0	\N	READY	CRMC 4PAIRE	2026-05-09 13:34:30.716	2026-05-09 13:34:30.716	\N	\N
cmoye86ek000768555ut82qbi	cmoyd1ucz000268554u352rk0	\N	NEW		2026-05-09 13:42:12.332	2026-05-09 13:42:12.332	\N	\N
cmozo2fy1000k0g55weyt04jv	cmoyd1ucz000268554u352rk0	\N	NEW		2026-05-10 11:05:27.097	2026-05-10 11:07:32.936	\N	\N
cmozo363v000m0g55p30ycn7g	cmoyd1ucz000268554u352rk0	\N	NEW		2026-05-10 11:06:01.003	2026-05-10 11:07:32.936	\N	\N
cmozy5k4b00150g55ijvl964i	cmozy198l00130g55uhm4yvzo	cmozy36cz00140g55tohtuzzm	NEW		2026-05-10 15:47:48.635	2026-05-10 15:48:19.624	cmozy680z00170g55vlmxovzi	\N
cmp2feyaj00034o55ogxfw74e	cmp2f9eg400004o555aojkr4g	\N	NEW		2026-05-12 09:26:32.731	2026-05-12 09:28:38.216	cmp2fhn3d00084o55tnq6q4lb	\N
cmp2fgkez00064o55rfq7xry8	cmp2f9eg400004o555aojkr4g	\N	NEW		2026-05-12 09:27:48.059	2026-05-12 09:28:38.216	cmp2fhn3d00084o55tnq6q4lb	\N
cmp2v19r2001k4o55cuhneg22	cmp2uxma8001i4o55shj7ig4n	cmp2uzbhr001j4o55cs9fd84q	NEW	PL/MC/UV 420 1.67	2026-05-12 16:43:48.254	2026-05-12 16:44:14.476	cmp2v1tzd001m4o55w0kb2vs6	\N
cmp3rdvbr000o2855j2guctmd	cmp3rd0oo000n28554ytzv51t	\N	NEW		2026-05-13 07:49:23.799	2026-05-13 07:49:44.878	cmp3rebl3000q2855b3ghxinn	\N
cmp3umwl0000t2855i2v2yf2p	cmp3rd0oo000n28554ytzv51t	\N	NEW		2026-05-13 09:20:24.18	2026-05-13 09:20:59.692	cmp3unnzd000v285565sl36oh	\N
cmpdwudut000ae855dewrabs8	cmpdwrqos0008e855rmpgrace	\N	DELIVERED		2026-05-20 10:19:54.149	2026-05-20 10:20:32.533	cmpdwv7gv000ce8554bakew42	\N
cmp4652oa00132855ldh7te1j	cmp45xc7r000x2855cndhtmk6	cmp45yumz000y285588ubgyue	NEW	PL/MC/UV 420 1.67 (SAME AS OLD GLASS)	2026-05-13 14:42:27.658	2026-05-13 14:42:50.877	cmp465kl500152855c0x6rsi4	\N
cmpch1ya700024c55gph3lnix	cmpcgymun00004c55huru2ai0	cmpch0nz100014c55kprktwbc	READY	MC/POLY	2026-05-19 10:10:07.183	2026-05-20 15:04:57.305	cmpch2sws00044c55y056mo1u	\N
cmp5s7s7k00097855rorlmtbc	cmp5s2zas00067855gelhxaar	cmp5s4bc2000778558zqi1cg6	NEW		2026-05-14 17:48:11.792	2026-05-14 17:51:11.063	cmp5sbmj7000g7855iu7bkomw	\N
cmp5s8htf000b7855rdau9r1n	cmp5s2zas00067855gelhxaar	cmp5s4bc2000778558zqi1cg6	NEW		2026-05-14 17:48:44.979	2026-05-14 17:51:11.063	cmp5sbmj7000g7855iu7bkomw	\N
cmp5sayec000e7855xdmtejj8	cmp5s2zas00067855gelhxaar	cmp5s4bc2000778558zqi1cg6	NEW		2026-05-14 17:50:39.78	2026-05-14 17:51:11.063	cmp5sbmj7000g7855iu7bkomw	\N
cmp8h8tme00027455kzte8f2v	cmp5s2zas00067855gelhxaar	\N	NEW		2026-05-16 15:04:23.03	2026-05-16 15:05:23.856	cmp8ha4jv00067455qgh21n19	\N
cmp8h9h19000474558p3nkcew	cmp5s2zas00067855gelhxaar	\N	NEW		2026-05-16 15:04:53.373	2026-05-16 15:05:23.856	cmp8ha4jv00067455qgh21n19	\N
cmpijum040003js55kygb33h8	cmpijtbwt0001js55cido69rb	\N	DELIVERED		2026-05-23 16:15:00.58	2026-05-23 16:15:18.99	cmpijv07c0005js55dyo94rx3	\N
cmpcxtin5000i4c55jx176isf	cmpcxm83k000d4c55qd2ik4hj	\N	DELIVERED		2026-05-19 17:59:27.137	2026-05-20 17:26:29.62	cmpcxvbow000k4c553m0qtjac	\N
cmpfd1h6l000pt455y3lbtn8y	cmpfcua7m000mt455bwpdjbo1	\N	NEW		2026-05-21 10:41:05.085	2026-05-21 10:41:26.649	cmpfd1xte000rt45537il4m3z	\N
cmpfm2uy1001ht455wes03s3k	cmpflu24f001dt4554ws280ve	cmpflwed9001et4557l8hxnkl	NEW		2026-05-21 14:54:06.121	2026-05-21 14:55:47.245	cmpfm50yx001lt455bf8duttr	\N
cmp5oornk000278557te6sj09	cmp5omnti00007855014vws34	cmp5onz6300017855o4gtmk0i	DELIVERED	PL/MC	2026-05-14 16:09:25.76	2026-05-18 17:36:14.36	cmp5op79z000478559lonj7cc	\N
cmpfm3rwl001jt45510bjtzb3	cmpflu24f001dt4554ws280ve	cmpflwed9001et4557l8hxnkl	DELIVERED		2026-05-21 14:54:48.837	2026-05-21 14:55:47.245	cmpfm50yx001lt455bf8duttr	\N
cmpbg0dbv00068c55pq2troty	cmpbbo47300018c55474ypz2v	\N	DELIVERED		2026-05-18 16:53:07.579	2026-05-18 17:38:26.902	cmpbg0uw200088c55vh4mhx0k	\N
cmpbbp3pk00028c55x1ci38er	cmpbbo47300018c55474ypz2v	\N	DELIVERED	TRANSFER	2026-05-18 14:52:23.433	2026-05-19 10:10:22.729	cmpbbqthe00048c55ytuuapyz	\N
cmpcxsa40000g4c557sclsrzc	cmpcxm83k000d4c55qd2ik4hj	\N	NEW		2026-05-19 17:58:29.424	2026-05-19 17:58:29.424	\N	\N
cmpfrkj28001pt455oblodliv	cmpfrjedx001nt455o0gq49sr	\N	DELIVERED		2026-05-21 17:27:48.608	2026-05-21 17:28:16.42	cmpfrl4io001rt455a2m80gjg	\N
cmpd02b0s000n4c55qms8ui9n	cmpd01cnj000m4c55d9kbtxpj	\N	NEW		2026-05-19 19:02:16.396	2026-05-19 19:02:55.736	cmpd035df000p4c557ld9xhcg	\N
cmpl3b1sm0001iw55ei3k12td	cmpl39rfo0000iw55nzj3bdu0	\N	DELIVERED		2026-05-25 10:55:12.598	2026-05-25 10:55:49.314	cmpl3bi1i0003iw55cum5dhkd	\N
cmpio5z3h000kjs55nmwjaugl	cmpio2ndc000gjs55qqn9881p	\N	DELIVERED		2026-05-23 18:15:49.229	2026-05-25 07:03:53.899	cmpio6lns000mjs55ueav83kw	\N
cmpievc88000vvw55sqng6k3g	cmpieso63000svw55yo7de9gv	\N	DELIVERED		2026-05-23 13:55:36.488	2026-05-25 07:04:09.62	cmpievwvi000xvw559321ldnd	\N
cmplb5rmb0006iw55r2f8f8pj	cmplb5bmh0005iw55m9d2b2ua	\N	DELIVERED		2026-05-25 14:35:03.059	2026-05-25 14:35:19.674	cmplb64fp0008iw553q6hij6a	\N
cmpdwc4xr0006e855t1wrzp2d	cmpdw8d0u0004e8559wfce30h	\N	DELIVERED		2026-05-20 10:05:42.784	2026-05-24 09:22:35.467	cmpjkih94000phw55zp83te0s	\N
cmpio0rsr000cjs558tlzogwq	cmpinx9x90008js55t2ya95v8	\N	DELIVERED		2026-05-23 18:11:46.491	2026-05-25 07:03:28.019	cmpio1g0t000ejs555jyefc7n	\N
cmpio4xx8000ijs55te0auqa7	cmpio2ndc000gjs55qqn9881p	\N	DELIVERED		2026-05-23 18:15:01.052	2026-05-25 07:03:34.589	cmpio6lns000mjs55ueav83kw	\N
cmpinzeka000ajs5515178gad	cmpinx9x90008js55t2ya95v8	\N	DELIVERED		2026-05-23 18:10:42.682	2026-05-25 07:03:44.592	cmpio1g0t000ejs555jyefc7n	\N
cmpldwl1a000ciw550hun0lex	cmpldvpxy000biw555lhtgbon	\N	DELIVERED	READING GLASAS +2.00	2026-05-25 15:51:53.47	2026-05-25 15:52:12.795	cmpldwzxx000eiw55zkkr8yaq	\N
cmppl3qxe0001vw5505z4nnuq	cmppl2xyu0000vw55178k8hq4	\N	DELIVERED		2026-05-28 14:24:29.714	2026-05-29 13:44:27.184	cmppl4eht0003vw55iefxrqr6	\N
cmplj1kti0001fw55c643t4ug	cmplj0ra70000fw55r8hsf3vk	\N	DELIVERED	OPTICALL +1.00	2026-05-25 18:15:44.55	2026-05-25 18:16:04.037	cmplj1zuo0003fw55ziouomy1	\N
cmpmatspc0000rc55i0sl5705	cmpjftfmr0000hw554l60xksa	\N	DELIVERED		2026-05-26 07:13:30.768	2026-05-26 07:17:18.647	cmpmayoj60004rc55asl04azz	\N
cmplfq56z000jiw55byfu8vnk	cmplfmt1u000giw55glszqeea	cmplfnxdx000hiw554aa63nyh	DELIVERED		2026-05-25 16:42:52.235	2026-05-29 13:44:15.106	cmplfrmss000niw55fyb3uuxp	\N
cmpi9r17f000ovw550zpjgaah	cmpi9lsqg000mvw55kjnwiol5	\N	READY		2026-05-23 11:32:17.499	2026-05-31 17:19:44.985	cmpi9rpi4000qvw559q11oh8x	\N
cmplfr5y8000liw55x8xfhgmn	cmplfmt1u000giw55glszqeea	cmplfnxdx000hiw554aa63nyh	DELIVERED	CR MC UV 420	2026-05-25 16:43:39.872	2026-05-29 13:44:07.024	cmplfrmss000niw55fyb3uuxp	\N
cmpr03mmt00022w55d1ty4bs4	cmpr02put00012w555eahu5q5	\N	DELIVERED	CASE	2026-05-29 14:12:04.565	2026-05-29 14:12:30.254	cmpr046g800042w55cq6dchi7	\N
cmpzem1w30005k055ae66eco3	cmovryzx50000vw555cs4futu	\N	DELIVERED	ALMOND BROWN -0.75	2026-06-04 11:20:28.179	2026-06-06 07:26:36.943	cmpzencup0007k055qtqbbtdz	\N
cmpplab370009vw55ppd7m3dv	cmppl5aqy0005vw555altjnnq	\N	DELIVERED		2026-05-28 14:29:35.779	2026-05-30 13:34:30.072	cmpplawpb000bvw55drpxmd27	\N
cmppl9ahd0007vw55d56n7ysy	cmppl5aqy0005vw555altjnnq	\N	DELIVERED		2026-05-28 14:28:48.337	2026-05-30 13:34:34.827	cmpplawpb000bvw55drpxmd27	\N
cmq17ub8300072s555aahfgxv	cmq17frun00002s55qzrg8r20	\N	DELIVERED		2026-06-05 17:46:28.563	2026-06-06 07:26:44.533	cmq17unqz00092s55d9xchi52	\N
cmpzel2yj0003k0550aoq1x55	cmovryzx50000vw555cs4futu	\N	DELIVERED	ASH BROWN  -0.75	2026-06-04 11:19:42.907	2026-06-06 07:26:56.101	cmpzencup0007k055qtqbbtdz	\N
cmppn8ikm000hvw55ulm1fxsb	cmppn2oy0000dvw5511v4qaah	\N	DELIVERED		2026-05-28 15:24:11.399	2026-05-30 16:45:24.092	cmppn96ii000jvw55aahw82og	\N
cmppn772u000fvw55ouhidjil	cmppn2oy0000dvw5511v4qaah	\N	DELIVERED		2026-05-28 15:23:09.846	2026-05-30 16:45:35.288	cmppn96ii000jvw55aahw82og	\N
cmq6dhn6e0008pk55vgwuc2zi	cmq6dgh6k0007pk55v5zo12en	\N	DELIVERED		2026-06-09 08:23:26.102	2026-06-09 08:23:38.738	cmq6dhwx9000apk55060g2gyp	\N
cmpsgufxx0003ps55x4e37yfb	cmpsgp3mj0000ps55vnx9str7	cmpsgr3o70001ps55ohcv99ud	DELIVERED		2026-05-30 14:48:35.637	2026-05-31 16:40:29.653	cmpsgx3bk0007ps55ds8tzad8	\N
cmpsgvol60005ps55wg36od0x	cmpsgp3mj0000ps55vnx9str7	cmpsgr3o70001ps55ohcv99ud	DELIVERED	POLY / MC = 35KD.	2026-05-30 14:49:33.498	2026-05-31 16:40:33.411	cmpsgx3bk0007ps55ds8tzad8	\N
cmpuw27yy00013o55rmmsz8i6	cmpuw1hoz00003o55hadjxxtr	\N	DELIVERED		2026-06-01 07:30:05.146	2026-06-01 07:30:52.218	cmpuw38ab00033o55ujvf1lbe	\N
cmpu12dlz000aow55q2ru3sp6	cmpu10cs60008ow559lnvzvp2	\N	DELIVERED	TRANSFER	2026-05-31 17:02:24.359	2026-06-01 11:39:07.435	cmpu135mj000cow55k25ahjkw	\N
cmq2e4aux0005fs557m47plrg	cmq2e359d0004fs55dqg92um1	\N	DELIVERED		2026-06-06 13:29:58.521	2026-06-06 13:30:16.788	cmq2e4oy80007fs55i66kc7yj	\N
cmpvgi122000d3o55qb5rf65h	cmpu10cs60008ow559lnvzvp2	\N	DELIVERED		2026-06-01 17:02:15.002	2026-06-02 15:03:30.155	cmpvgidh5000f3o55tjxodea4	\N
cmpznw3ir0009k0553dhpnrnf	cmozy198l00130g55uhm4yvzo	\N	DELIVERED	READING	2026-06-04 15:40:13.395	2026-06-07 07:39:52.125	cmpznwson000bk055gmtu9dc1	\N
cmpvgd0ws00093o55pbmfub5u	cmpvg9skr00063o55i3vk296x	\N	DELIVERED		2026-06-01 16:58:21.532	2026-06-02 15:07:34.866	cmpvgdep7000b3o55zs119gxf	\N
cmpwsnk8u0007c855r66xv24c	cmpwsmvue0006c85554o3tdqo	\N	DELIVERED	SUN GLASS	2026-06-02 15:30:14.718	2026-06-02 15:30:45.106	cmpwso7ou0009c855yc1nlc2f	\N
cmpwrtc3k0002c855qx5jvtrd	cmpwrqhrv0000c855jbx4l7zd	cmpwrsa910001c855d4z3a0z2	DELIVERED	CR MC UV 420 	2026-06-02 15:06:44.48	2026-06-02 15:34:46.03	cmpwrtpym0004c855wpaxkmfk	\N
cmq3id4k80001ms550j4o23b2	cmpdwrqos0008e855rmpgrace	\N	DELIVERED		2026-06-07 08:16:34.904	2026-06-07 08:17:14.098	cmq3idyss0003ms55zvj71pru	\N
cmq7rded300021455ah09mipb	cmq7r8jnp000014558x7ozlx2	\N	DELIVERED		2026-06-10 07:39:48.855	2026-06-10 16:48:20.072	\N	cmoycvyjv00016855e0gjp0r7
cmq7y1kzz000a14558g7xvnid	cmq7y0ujm00091455ahenanzr	\N	DELIVERED		2026-06-10 10:46:34.895	2026-06-10 10:46:50.084	cmq7y1wpv000c1455f673i0cm	cmoycvyjv00016855e0gjp0r7
cmq597wck0008d855pm41o0hw	cmq595gv40006d855guwcd40c	cmq5973910007d855ax0g6g74	DELIVERED		2026-06-08 13:36:06.788	2026-06-08 13:36:33.107	cmq598gna000ad855b2hecwzh	\N
cmq4y0r8b0002d8552axwl6lc	cmq4xxtjx0000d855isns9rzg	\N	DELIVERED		2026-06-08 08:22:37.787	2026-06-08 16:55:48.61	cmq4y1ssm0004d8558xp195j2	\N
cmq5gn1bs000dd855c0uli4mb	cmp45xc7r000x2855cndhtmk6	\N	DELIVERED		2026-06-08 17:03:50.392	2026-06-08 17:04:34.499	cmq5gnzcm000fd855cgzy6a9f	\N
cmq6deo7v0003pk555qiceafr	cmq6d59520001pk55jcn8243i	cmq6dc9yj0002pk55w7l311bh	DELIVERED	CR 39 COLOR BLACK & BROWN	2026-06-09 08:21:07.483	2026-06-10 16:19:35.484	cmq6df53g0005pk55jjry66d4	\N
cmq5jlwgt000od855rqbkh53m	cmq5jl4va000nd855e50b0ni2	\N	DELIVERED		2026-06-08 18:26:56.285	2026-06-08 18:27:13.943	cmq5jma38000qd8555mejeca4	\N
cmq5k2m0r000ud855pd02ih0b	cmq5k1khf000sd855lc5067o2	\N	DELIVERED		2026-06-08 18:39:55.899	2026-06-08 18:40:10.643	cmq5k2xe4000wd855ddosvxvo	\N
cmq5j8ja0000jd8559pfrqrt0	cmq5j6ooj000hd855wm340x1x	\N	DELIVERED		2026-06-08 18:16:32.664	2026-06-09 06:23:45.35	cmq5j8wtp000ld855iuxest9b	\N
cmq23bdd20001fs559u0rwm37	cmptlncod0000ow55v5exh9wy	\N	DELIVERED	TRANSFER	2026-06-06 08:27:32.582	2026-06-09 06:45:04.407	cmq23bngo0003fs555wvn0zdv	\N
cmptluydu0004ow55yd8bh7ki	cmptlncod0000ow55v5exh9wy	\N	DELIVERED		2026-05-31 09:56:43.794	2026-06-09 06:45:59.253	cmptlw3dc0006ow55l36zmur5	\N
cmptltw9y0002ow55rsvck3r4	cmptlncod0000ow55v5exh9wy	\N	DELIVERED		2026-05-31 09:55:54.406	2026-06-09 06:46:03.479	cmptlw3dc0006ow55l36zmur5	\N
cmq9mqulw000bnk559aer64n7	cmq9mq1yh000ank55jmi5xlnc	\N	NEW		2026-06-11 15:05:50.708	2026-06-11 15:06:10.784	cmq9mra3f000dnk550wnot111	cmoycvyjv00016855e0gjp0r7
cmq8azvjt000t14550tsa29hv	cmq7r8jnp000014558x7ozlx2	cmq7rcioa00011455ibvzupm0	DELIVERED	MC UV 420	2026-06-10 16:49:10.265	2026-06-10 16:49:42.219	cmq8b0k7b000v1455hbpu0zzn	cmox85fji0002j055n6y1wh9g
cmq8a2pka000e1455k5p0l9xq	cmq7r8jnp000014558x7ozlx2	cmq7rcioa00011455ibvzupm0	DELIVERED	mc photogrey	2026-06-10 16:23:22.858	2026-06-10 16:24:40.392	cmq8a3hyb000g1455cmqs6hqn	cmox85fji0002j055n6y1wh9g
cmq8a9ut6000p1455akrj7k46	cmpjftfmr0000hw554l60xksa	\N	DELIVERED		2026-06-10 16:28:56.25	2026-06-10 16:50:44.467	cmq8aabxk000r1455iwqc786j	cmox85fji0002j055n6y1wh9g
cmqb3h3ie00010w55vm2jepkb	cmqb3fu8d00000w55v3cgllku	\N	DELIVERED		2026-06-12 15:41:55.334	2026-06-12 15:42:28.088	cmqb3hsrd00030w55f2brldxj	cmox85fji0002j055n6y1wh9g
cmq9j6opy0006nk55vuh02n11	cmq9j4thb0005nk55wb5o2v2u	\N	DELIVERED		2026-06-11 13:26:11.11	2026-06-11 13:26:56.469	cmq9j7npj0008nk552ofkv4d3	cmox85fji0002j055n6y1wh9g
cmq8a6tmk000l1455k9p1j66a	cmq8a5hjj000j14554zrtba2z	\N	DELIVERED		2026-06-10 16:26:34.748	2026-06-11 13:30:10.064	cmq8a7are000n1455a4j3xkis	cmox85fji0002j055n6y1wh9g
cmq9ri1wr000hnk55kyhz6u5i	cmq9rghz8000fnk55pes6p8i1	\N	DELIVERED		2026-06-11 17:18:58.347	2026-06-14 15:09:57.89	cmq9rkico000lnk55o28q6ubq	cmoycvyjv00016855e0gjp0r7
cmq9rjjgk000jnk55k6o3u4f0	cmq9rghz8000fnk55pes6p8i1	cmq9rh4u0000gnk55iuo6dwym	DELIVERED		2026-06-11 17:20:07.748	2026-06-14 15:09:53.671	cmq9rkico000lnk55o28q6ubq	cmoycvyjv00016855e0gjp0r7
cmq95k5zb0001nk55kit7dwzs	cmq95iz0u0000nk55v44n6t0i	\N	READY	CR 39 COLOR BROWN GRADUAL	2026-06-11 07:04:45.384	2026-06-12 13:25:29.851	cmq95ki440003nk5517e0ybm7	cmox85fji0002j055n6y1wh9g
cmq9t52om000pnk55pcifbxzg	cmq9t2jgo000nnk55oofjens6	\N	READY		2026-06-11 18:04:52.054	2026-06-14 15:09:42.407	cmq9t5i1e000rnk55mi41ijr6	cmoycvyjv00016855e0gjp0r7
cmqc37c8b00070w55ggpx63n8	cmqc34joj00050w55t28o54na	\N	DELIVERED		2026-06-13 08:22:06.251	2026-06-14 15:09:31.682	cmqc38nfv000b0w55tpoa23l6	cmoycvyjv00016855e0gjp0r7
cmqc419ad000f0w5570ij2yft	cmqc3znaj000d0w55snteanl9	\N	NEW		2026-06-13 08:45:22.117	2026-06-13 08:45:44.329	cmqc41qf7000h0w55rqb7a4fa	cmoycvyjv00016855e0gjp0r7
cmqc383j100090w55653bph9c	cmqc34joj00050w55t28o54na	\N	DELIVERED		2026-06-13 08:22:41.629	2026-06-14 15:09:29.6	cmqc38nfv000b0w55tpoa23l6	cmoycvyjv00016855e0gjp0r7
cmqcevsv600027055602m7yv2	cmqcetptb00007055quuibetb	\N	DELIVERED		2026-06-13 13:49:03.33	2026-06-14 15:09:01.546	cmqcex6k60006705598oif0nz	cmoycvyjv00016855e0gjp0r7
cmqp5ytfh0002bs55jfhkw943	cmqp5y0q60001bs55yyq4kkxy	\N	DELIVERED	VENUS PLANO DAILY	2026-06-22 12:00:27.773	2026-06-22 12:00:43.763	cmqp5z5r30004bs55wanl123s	cmoycvyjv00016855e0gjp0r7
cmqcpxdeb0002l055x42bobp6	cmqcpv7qn0000l0555q4z931v	\N	NEW		2026-06-13 18:58:12.371	2026-06-13 18:58:57.735	cmqcpyce90006l055yr9y81ek	cmoycvyjv00016855e0gjp0r7
cmqcpxxpd0004l0551vbbubk6	cmqcpv7qn0000l0555q4z931v	\N	NEW		2026-06-13 18:58:38.689	2026-06-13 18:58:57.735	cmqcpyce90006l055yr9y81ek	cmoycvyjv00016855e0gjp0r7
cmqcewoeu00047055fcl67b3b	cmqcetptb00007055quuibetb	\N	DELIVERED		2026-06-13 13:49:44.214	2026-06-14 15:08:58.906	cmqcex6k60006705598oif0nz	cmoycvyjv00016855e0gjp0r7
cmqe15li00005hw559ci2kaua	cmqe10kjq0000hw556m1ynwiq	\N	DELIVERED		2026-06-14 17:00:18.072	2026-06-22 12:01:55.689	cmqe15zym0007hw550zlg03nx	cmox85fji0002j055n6y1wh9g
cmqe3mpos0009hw5530n4t2ac	cmpdpst9q0002e855em5goj9w	cmpdpvqg80003e855e44x6ddw	DELIVERED	OYASYS MONTHLY -2.50	2026-06-14 18:09:35.884	2026-06-14 18:10:14.532	cmqe3nji8000bhw55b8kh86xl	cmox85fji0002j055n6y1wh9g
cmqe3pl0c000ehw550dt7nx4t	cmqe3ofng000dhw55pb1a0rwj	\N	DELIVERED	DIAMOR +1.50	2026-06-14 18:11:49.788	2026-06-14 18:12:23.235	cmqe3qata000ghw55zcz581wf	cmox85fji0002j055n6y1wh9g
cmqcmmfhl000a7055qmrhkvyf	cmqcmj24q00087055ax2slclf	\N	DELIVERED		2026-06-13 17:25:43.017	2026-06-14 18:39:46.91	cmqcmn0jy000c70556yyp12pz	cmoycvyjv00016855e0gjp0r7
cmqy0avpa00067455k2uo0qjv	cmqy0a9fy00057455k63vnrce	\N	DELIVERED		2026-06-28 16:31:48.478	2026-06-28 16:32:52.091	cmqy0c8s5000a7455s0c9s4tg	cmox85fji0002j055n6y1wh9g
cmqety0vm0001o855ca2x0ol7	cmqetx04d0000o8556o2j8sq3	\N	DELIVERED		2026-06-15 06:26:13.618	2026-06-15 06:26:48.441	cmqetyfrc0003o855df8tztwd	cmox85fji0002j055n6y1wh9g
cmqnyulc100091s55b9nisxgc	cmqnypv7d00081s55kmdly2tl	\N	DELIVERED	moist one day	2026-06-21 15:53:27.169	2026-06-22 12:02:22.555	cmqnyv4f5000b1s55wuu8swo2	cmox85fji0002j055n6y1wh9g
cmqez41rs0006o855f7i9wcwd	cmqez28410005o855r8vr325h	\N	DELIVERED		2026-06-15 08:50:52.792	2026-06-15 08:51:51.072	cmqez4agf0008o85564g74ifd	cmox85fji0002j055n6y1wh9g
cmqgqi0vx00034c55c91qhkyu	cmqgqgdbr00014c5573szs42j	\N	DELIVERED		2026-06-16 14:25:20.637	2026-06-16 14:25:42.105	cmqgqihfn00054c55qojag9ja	cmoycvyjv00016855e0gjp0r7
cmqy0bsek00087455q5pv16ok	cmqy0a9fy00057455k63vnrce	\N	DELIVERED		2026-06-28 16:32:30.86	2026-06-28 16:32:52.091	cmqy0c8s5000a7455s0c9s4tg	cmox85fji0002j055n6y1wh9g
cmqny6ri700031s559dmgr4vi	cmqnxtud300001s55kf6kpll7	\N	DELIVERED		2026-06-21 15:34:55.423	2026-06-23 06:21:30.317	cmqny7cfv00051s55gt1uw0os	cmox85fji0002j055n6y1wh9g
cmqny632t00011s55bnk2mao3	cmqnxtud300001s55kf6kpll7	\N	DELIVERED		2026-06-21 15:34:23.765	2026-06-23 06:21:37.148	cmqny7cfv00051s55gt1uw0os	cmox85fji0002j055n6y1wh9g
cmqhqknpx00007w55ri4ulam6	cmq9t2jgo000nnk55oofjens6	cmq9t45jo000onk55xqi4ll38	DELIVERED	CR MC UV 420	2026-06-17 07:15:09.718	2026-06-23 10:26:44.963	cmqhql0v600027w55ra4n0n9y	cmox85fji0002j055n6y1wh9g
cmqrrjrnd00025055s7n0guu5	cmqrrifsh000050553t2h1yps	\N	DELIVERED	TRANSFER	2026-06-24 07:40:09.529	2026-06-24 07:40:48.865	cmqrrk90p00045055ycg4xfqv	cmox85fji0002j055n6y1wh9g
cmqjmgoqx000jnw55rjwbqfuy	cmou863o00019vk55nwawt8rx	\N	DELIVERED		2026-06-18 14:55:38.313	2026-06-18 15:01:25.517	cmqjmia1g000lnw55716446vz	cmoycvyjv00016855e0gjp0r7
cmqtl3y1t0001kw55zvzeuxb5	cmqtl0s820000kw55oj7v9ytv	\N	DELIVERED		2026-06-25 14:15:25.985	2026-06-25 14:16:25.186	cmqtl57pc0003kw556cam0si7	cmoycvyjv00016855e0gjp0r7
cmqjab92b0001nw55mbgaeaoy	cmqja35fk0000nw557gziycf1	\N	DELIVERED		2026-06-18 09:15:29.315	2026-06-18 16:38:05.787	cmqjae2wk0005nw55rr9v3ezt	cmoycvyjv00016855e0gjp0r7
cmqjadp0e0003nw55bqvoyf32	cmqja35fk0000nw557gziycf1	\N	DELIVERED		2026-06-18 09:17:23.294	2026-06-18 16:38:09.157	cmqjae2wk0005nw55rr9v3ezt	cmoycvyjv00016855e0gjp0r7
cmqjb4lpf000fnw559sfag2pk	cmqjav3bp0008nw55fjc1s6d2	\N	DELIVERED		2026-06-18 09:38:18.723	2026-06-18 17:27:30.265	cmqjb5xu1000hnw55uzsy6eqn	cmoycvyjv00016855e0gjp0r7
cmqjb3vfx000dnw55jfn2ooyi	cmqjav3bp0008nw55fjc1s6d2	\N	DELIVERED		2026-06-18 09:37:44.685	2026-06-18 17:27:35.121	cmqjb5xu1000hnw55uzsy6eqn	cmoycvyjv00016855e0gjp0r7
cmqjaytyk0009nw55hxvx1ars	cmqjav3bp0008nw55fjc1s6d2	\N	DELIVERED		2026-06-18 09:33:49.484	2026-06-18 17:30:04.515	cmqjb5xu1000hnw55uzsy6eqn	cmoycvyjv00016855e0gjp0r7
cmqkzov9r0001v855evb20moo	cmqkzls4t0000v8552fj20amz	\N	DELIVERED		2026-06-19 13:53:41.199	2026-06-19 13:54:01.34	cmqkzpasm0003v855m33l3jfr	cmoycvyjv00016855e0gjp0r7
cmqy0rxvr000d74559ibnoxhd	cmqy0qxe3000c7455bojt6jd2	\N	DELIVERED		2026-06-28 16:45:04.455	2026-06-28 16:45:17.643	cmqy0s820000f7455qb49ztsd	cmox85fji0002j055n6y1wh9g
cmqe14icq0002hw55cjagk0p3	cmqe10kjq0000hw556m1ynwiq	cmqe13euc0001hw55p839b2qd	DELIVERED	CR 39 BIFOCAL KT	2026-06-14 16:59:27.338	2026-06-22 08:06:06.137	cmqe15zym0007hw550zlg03nx	cmox85fji0002j055n6y1wh9g
cmqwl2t1v0005ng55mag1rl37	cmqwl18jy0004ng55idk636ev	\N	DELIVERED		2026-06-27 16:37:51.379	2026-06-27 16:38:44.79	cmqwl3y8u0007ng55zimidnfe	cmoycvyjv00016855e0gjp0r7
cmqy3pfpn00009w55mwqcgap4	cmpcxm83k000d4c55qd2ik4hj	cmpcxphtk000e4c5505zp2tjv	DELIVERED	CR MC	2026-06-28 18:07:06.443	2026-06-29 17:39:50.542	cmqy3sv4b00039w5544kgh7oh	cmox85fji0002j055n6y1wh9g
cmqwh98m10002ng559ur7y8q6	cmqwh5r2g0000ng55jz4m10m6	\N	DELIVERED		2026-06-27 14:50:53.017	2026-06-28 15:13:32.919	\N	cmoycvyjv00016855e0gjp0r7
cmqzh48cq000o8455rqczy3xo	cmqzgz52e000l845590eh7x7s	cmqzh1528000m8455eb74shha	IN_PROGRESS		2026-06-29 17:10:17.93	2026-06-29 17:10:38.656	cmqzh4obz000q8455rbnvwh1r	cmox85fji0002j055n6y1wh9g
cmqyuy5aa000184557olmwr0e	cmqyuxcvf00008455298qeytn	\N	DELIVERED		2026-06-29 06:49:42.466	2026-06-29 06:50:01.811	cmqyuyk7000038455iev7ckry	cmoycvyjv00016855e0gjp0r7
cmqyvhn1700068455r6etz87c	cmqyvgoe200058455cwnp0bbw	\N	DELIVERED		2026-06-29 07:04:51.931	2026-06-29 07:05:14.639	cmqyvi4ju00088455ou0qzhcm	cmoycvyjv00016855e0gjp0r7
cmqz0c3h5000c8455f46hi37c	cmqyzoey8000a8455l4mdp0cd	\N	IN_PROGRESS		2026-06-29 09:20:31.385	2026-06-29 09:20:56.943	cmqz0cn6w000e84552fgsl1z6	cmoycvyjv00016855e0gjp0r7
cmqzda6s2000h84556xqrw416	cmqzd94xa000g84559s4v2yj4	\N	DELIVERED		2026-06-29 15:22:57.362	2026-06-29 15:23:18.57	cmqzdan50000j8455ybo3vivo	cmox85fji0002j055n6y1wh9g
cmr0e82ur0003uw55bfhowb82	cmr0e1z8k0000uw55x2vorecu	\N	DELIVERED	BELLA DAILY ASH BROWN PLANO	2026-06-30 08:37:04.755	2026-06-30 08:37:36.615	cmr0e8rf10005uw551qp9vkuo	cmox85fji0002j055n6y1wh9g
cmqxxghik00017455u06jth5z	cmqxxc6gl00007455fmbtbe85	\N	READY	CR MC UV 420	2026-06-28 15:12:11.18	2026-06-29 15:23:54.359	cmqxxh8nq00037455htdsazgb	cmox85fji0002j055n6y1wh9g
cmqy39bq4000h7455prkabq6y	cmpcxm83k000d4c55qd2ik4hj	\N	DELIVERED		2026-06-28 17:54:34.78	2026-06-29 17:39:44.507	cmqy3sv4b00039w5544kgh7oh	cmox85fji0002j055n6y1wh9g
\.


--
-- Data for Name: OrderItem; Type: TABLE DATA; Schema: public; Owner: postgres
--

COPY public."OrderItem" (id, "orderId", "inventoryItemId", "customItemName", quantity, price, notes) FROM stdin;
cmou05ypn0005vk554rwyl7oy	cmou05yph0004vk55258bvhjw	\N	frame toomd & crmc	1	35	\N
cmpmatspi0001rc55bm3lxbzj	cmpmatspc0000rc55i0sl5705	\N	REPAIR	1	0.5	\N
cmou7t1u90011vk55sck4snom	cmou7t1u40010vk558dpav553	\N	UV420	1	30	\N
cmou80mca0015vk55of6x0dei	cmou80mc60014vk5520zu6luu	\N	SILWOTTE FRAME&PROGRESVEXT	1	300	\N
cmou82yfj0018vk555gctwh3v	cmou82yff0017vk55elpsn9y4	\N	FRAME	1	20	\N
cmou87eh1001bvk55s6wui7jf	cmou87egx001avk55hlsmbahm	\N	CL	1	10	\N
cmouagccc001ivk55bysnvxlp	cmouagcc8001hvk55z9tyvhpv	\N	UV42025	1	25	\N
cmovssr860005vw550p36dktp	cmovssr800004vw55k7i74phs	cmovs51ma0002vw55807pkedf	T 39	1	38	\N
cmox7w5x60001j0558siln3br	cmox7w5x00000j055guud3sbv	cmovsqxcm0003vw55chh7hwny	test test	1	42	\N
cmox8segf0005j055v5otfdeh	cmox8segb0004j0551mnb9iqr	cmovgp3xg000gug5546e25zlh	XTREAM	1	45	\N
cmox8sp930007j055jrclt3mu	cmox8sp8z0006j0554cfpxigz	cmovi1xh1000jug55xkjkjrf5	GUESS FRAME	1	53	\N
cmox9698l0009j0553sbbwxat	cmox9698h0008j0552c8rdv0n	cmovi1xh1000jug55xkjkjrf5	GUESS FRAME	1	53	\N
cmoydya8000066855qtr2mlha	cmoydya7w00056855wmmschg1	cmoydkrcf00046855kez91x41	JK	1	45	\N
cmoye86es000868553ploiirm	cmoye86ek000768555ut82qbi	cmoydkrcf00046855kez91x41	JK0378	1	45	\N
cmozo2fy4000l0g55mhieu64a	cmozo2fy1000k0g55weyt04jv	cmoyjajkl00116855ioh66c7x	FRAME OXEBERY	1	30	\N
cmozo363z000n0g55jug1zydl	cmozo363v000m0g55p30ycn7g	cmozg3gwn00020g558vs0vzg7	SKF	1	25	\N
cmozy5k4g00160g55i3q2xa4t	cmozy5k4b00150g55ijvl964i	cmovsqxcm0003vw55chh7hwny	test test	1	5	\N
cmp2feyba00044o55akx8iulp	cmp2feyaj00034o55ogxfw74e	cmp2fee0600024o5564qqbcz4	cr39	1	25	\N
cmp2fgkf200074o5552mgwcbk	cmp2fgkez00064o55rfq7xry8	cmp2fg7o000054o552tfwtue6	sherif	1	20	\N
cmp2v19r8001l4o55z6ewgof2	cmp2v19r2001k4o55cuhneg22	cmozgjkqf00080g55szqyg6p9	SKF	1	40	\N
cmp3rdvbv000p2855dboq6fqj	cmp3rdvbr000o2855j2guctmd	cmp3rc6p8000m2855srf83luy	KYRA	1	25	\N
cmp3umwl4000u2855fevlkae7	cmp3umwl0000t2855i2v2yf2p	cmp3ujl80000s2855tjtm63zf	STRING	1	1	\N
cmp4652of001428558oo25inw	cmp4652oa00132855ldh7te1j	cmozgjkqf00080g55szqyg6p9	SKF	2	45	\N
cmp5oornq00037855em2msf02	cmp5oornk000278557te6sj09	cmozg08ll00000g552qvggtvl	SKF	1	20	\N
cmp5s7s7p000a7855ltq93r2i	cmp5s7s7k00097855rorlmtbc	cmozg08ll00000g552qvggtvl	SKF	1	10	\N
cmp5s8htk000c7855mnhhkbwz	cmp5s8htf000b7855rdau9r1n	cmp5s5q4x00087855a6izru87	RED	1	8	\N
cmp5sayeh000f7855jkc21kyl	cmp5sayec000e7855xdmtejj8	cmp5sa364000d7855ff09a04g	STRING	1	1	\N
cmp8h8tmq00037455c989nd8p	cmp8h8tme00027455kzte8f2v	cmp8h7yv000017455tpdhf6q5	UNITED COLOR OF BENETTON	1	8	\N
cmp8h9h1d000574550mk94yyd	cmp8h9h19000474558p3nkcew	cmozg08ll00000g552qvggtvl	SKF	1	10	\N
cmpbbp3ps00038c55z3b8yh1u	cmpbbp3pk00028c55x1ci38er	cmpbbncyv00008c55jeie3isf	RAYMAX	1	25	\N
cmpbg0dc000078c551m95rh02	cmpbg0dbv00068c55pq2troty	cmp3ujl80000s2855tjtm63zf	CLEANING WIPES	1	1	\N
cmpch1yac00034c55is3qumwr	cmpch1ya700024c55gph3lnix	cmozg3gwn00020g558vs0vzg7	SKF	1	28	\N
cmpcxsa44000h4c5525ugfxx4	cmpcxsa40000g4c557sclsrzc	cmpcxrf19000f4c556ek2t9vj	NANO 3180	1	25	\N
cmpcxtin9000j4c55otmblo0j	cmpcxtin5000i4c55jx176isf	cmozg08ll00000g552qvggtvl	SKF	1	20	\N
cmpd02b0v000o4c55up6xkph4	cmpd02b0s000n4c55qms8ui9n	cmoyg81r7000n685548e9p76t	TD	1	25	\N
cmpdwc4xw0007e855eu3jwdnp	cmpdwc4xr0006e855t1wrzp2d	cmozg7xx700050g55ng3z43du	SKF	1	35	\N
cmpdwudux000be8550sm46jqn	cmpdwudut000ae855dewrabs8	cmpdwtlim0009e8556r9nzqy2	READING +1.50	1	8	\N
cmpfd1h6q000qt455eqld71rq	cmpfd1h6l000pt455y3lbtn8y	cmpfcyu3a000ot455ao7ok5v4	FITTING.SCREW/CORD	1	0.5	\N
cmpfm2uy7001it4553g5r8aw8	cmpfm2uy1001ht455wes03s3k	cmpfm1vks001gt455g3y74m1r	ODYSEY	1	25	\N
cmpfm3rwr001kt45532d7wikj	cmpfm3rwl001jt45510bjtzb3	cmpfm0m3y001ft455j1359h66	ESSILOR	1	80	\N
cmpfrkj2c001qt455p5zi8ldh	cmpfrkj28001pt455oblodliv	cmpfrjwwt001ot455e6jlrsoa	SOLUTION	1	1.5	\N
cmpi9r17k000pvw55y2nqzxzr	cmpi9r17f000ovw550zpjgaah	cmozg5ze600040g55buih6vf2	SKF	1	50	\N
cmpievc8c000wvw55qfzjln5c	cmpievc88000vvw55sqng6k3g	cmpieuw4c000uvw558qq2vgp8	ALEXANTRY	1	30	\N
cmpijum0a0004js55hj6r2d1n	cmpijum040003js55kygb33h8	cmpijsmh60000js55d4d8ng5o	bella	1	7.5	\N
cmpinzeke000bjs55l47tw0hk	cmpinzeka000ajs5515178gad	cmovgg60q000bug55siegt1ru	TAN DISIGN SG	1	20	\N
cmpio0rsw000djs559bon69vf	cmpio0rsr000cjs558tlzogwq	cmozg08ll00000g552qvggtvl	SKF	1	25	\N
cmpio4xxd000jjs55gktg944b	cmpio4xx8000ijs55te0auqa7	cmozgjkqf00080g55szqyg6p9	SKF	1	45	\N
cmpio5z3l000ljs551nm8hgep	cmpio5z3h000kjs55nmwjaugl	cmpcxrf19000f4c556ek2t9vj	NANO 3180	1	28	\N
cmpl3b1sq0002iw55ghlvbpv2	cmpl3b1sm0001iw55ei3k12td	\N	REPAIR	1	0.5	\N
cmplb5rmg0007iw55xekkijdr	cmplb5rmb0006iw55r2f8f8pj	\N	REPAIR	1	0.5	\N
cmpldwl1e000diw55i6ehvm89	cmpldwl1a000ciw550hun0lex	cmpldv592000aiw55d7jingw2	READING GLASS	1	10	\N
cmplfq576000kiw55yqyzgegn	cmplfq56z000jiw55byfu8vnk	cmplfp3tf000iiw55ltwmcnxx	PACINO	1	28	\N
cmplfr5ye000miw55aovt3mot	cmplfr5y8000liw55x8xfhgmn	cmozg1kf700010g55qyfapli1	SKF	1	30	\N
cmplj1kto0002fw55nhfqr128	cmplj1kti0001fw55c643t4ug	cmpldv592000aiw55d7jingw2	READING GLASS	1	10	\N
cmppl3qxj0002vw55gctsbt7k	cmppl3qxe0001vw5505z4nnuq	cmpldv592000aiw55d7jingw2	READING GLASS	1	5	\N
cmppl9ahi0008vw55uusq13gc	cmppl9ahd0007vw55d56n7ysy	cmp2fee0600024o5564qqbcz4	cr39	1	15	\N
cmpplab3c000avw55zpj5qiuv	cmpplab370009vw55ppd7m3dv	cmozg7xx700050g55ng3z43du	SKF	1	35	\N
cmppn772y000gvw551cbf3byw	cmppn772u000fvw55ouhidjil	cmpfm1vks001gt455g3y74m1r	ODYSEY	1	15	\N
cmppn8ikr000ivw55yg5dt17p	cmppn8ikm000hvw55ulm1fxsb	cmozg7xx700050g55ng3z43du	SKF	1	35	\N
cmpr03mo200032w5510kz2juh	cmpr03mmt00022w55d1ty4bs4	cmpr01m6h00002w5521ibiuf6	CASE	1	1	\N
cmpsgufyy0004ps555yxzcm1u	cmpsgufxx0003ps55x4e37yfb	cmpsgtnxl0002ps55p3zyll3p	EFFILE PENTAX 9110	1	30	\N
cmpsgvolb0006ps55ooy1o2h0	cmpsgvol60005ps55wg36od0x	cmozg7xx700050g55ng3z43du	SKF	1	35	\N
cmptltwal0003ow55boqr4zi9	cmptltw9y0002ow55rsvck3r4	cmoyfzkor000g6855ppt5c742	UNIQUE	1	25	\N
cmptluydy0005ow55o08r1rml	cmptluydu0004ow55yd8bh7ki	cmozhf7x2000d0g55hodqfral	SKF	1	30	\N
cmpu12dm3000bow55cavzvfp7	cmpu12dlz000aow55q2ru3sp6	cmpu11hrz0009ow55ln17l71l	CAROLINA HERRERA	1	15	\N
cmpuw27zj00023o556oqk7egw	cmpuw27yy00013o55rmmsz8i6	\N	REPAIR	1	0.5	\N
cmpvgd0ww000a3o5541m7430q	cmpvgd0ws00093o55pbmfub5u	cmpvgcge900083o55rqzassmq	WET TISSUE	2	2	\N
cmpvgi127000e3o55g9c52tjx	cmpvgi122000d3o55qb5rf65h	cmpfm1vks001gt455g3y74m1r	ODYSEY	1	15	\N
cmpwrtc9y0003c8551pvcbgyj	cmpwrtc3k0002c855qx5jvtrd	cmozg7xx700050g55ng3z43du	SKF	1	30	\N
cmpwsnk8z0008c855n5pl4wcl	cmpwsnk8u0007c855r66xv24c	cmpwsmf4q0005c85542syzuyd	UNIQUE	1	30	\N
cmpzel2z70004k055rvhr05xy	cmpzel2yj0003k0550aoq1x55	cmpzejgcc0002k055m7ytbhik	BELLA DAILY	1	7.5	\N
cmpzem1w70006k055ply8gdrr	cmpzem1w30005k055ae66eco3	cmpzein0a0001k055iwbnwarc	BELLA DAILY	1	7.5	\N
cmpznw3iv000ak055agq91y5m	cmpznw3ir0009k0553dhpnrnf	cmp2fee0600024o5564qqbcz4	cr39	1	10	\N
cmq17ub8700082s55fljjz734	cmq17ub8300072s555aahfgxv	cmq17puvc00022s55dgijsnaa	zeiss	1	200	\N
cmq23bddl0002fs55ri8okyzf	cmq23bdd20001fs559u0rwm37	cmq23aimg0000fs555rphn96n	MODO	1	28	\N
cmq2e4av10006fs55hbnxv4cq	cmq2e4aux0005fs557m47plrg	cmovgckny0008ug5546a6cymo	TAN DISIGN SG	1	25	\N
cmq3id4kt0002ms55rbvo92ic	cmq3id4k80001ms550j4o23b2	cmovga5rn0007ug5589z1g15d	TAN DISIGN SG	1	28	\N
cmq4y0r8z0003d855wac78nxu	cmq4y0r8b0002d8552axwl6lc	cmpzejgcc0002k055m7ytbhik	BELLA DAILY	1	7.5	\N
cmq597wcx0009d855ndj5ngrd	cmq597wck0008d855pm41o0hw	cmozg1kf700010g55qyfapli1	SKF	1	35	\N
cmq5gn1c6000ed855jajiics7	cmq5gn1bs000dd855c0uli4mb	cmq5ghltr000cd855eencrrgt	DELTA EYEWEAR	1	28	\N
cmq5j8ja4000kd8552v7boowd	cmq5j8ja0000jd8559pfrqrt0	cmq5j7n8l000id85587td88lo	CELENA DAILY	1	8.5	\N
cmq5jlwgx000pd855cimq1u0e	cmq5jlwgt000od855rqbkh53m	cmpfrjwwt001ot455e6jlrsoa	SOLUTION	1	1.5	\N
cmq5k2m0w000vd855x6jzsq5i	cmq5k2m0r000ud855pd02ih0b	cmq5k27gs000td8550keif54z	OPTICALL	1	5	\N
cmq6deo8b0004pk55wnu7fouy	cmq6deo7v0003pk555qiceafr	cmp2fee0600024o5564qqbcz4	cr39 COLOR	2	14	\N
cmq6dhn6i0009pk55gifzwo2u	cmq6dhn6e0008pk55vgwuc2zi	cmpr01m6h00002w5521ibiuf6	CHAIN	1	1	\N
cmq7rdeds00031455jclb4s7i	cmq7rded300021455ah09mipb	cmozg7xx700050g55ng3z43du	SKF	1	35	\N
cmq7y1l05000b1455qwlwtz7i	cmq7y1kzz000a14558g7xvnid	cmpldv592000aiw55d7jingw2	READING GLASS	1	10	\N
cmq8a2pks000f14557wqx4vp2	cmq8a2pka000e1455k5p0l9xq	cmozgjkqf00080g55szqyg6p9	SKF	1	45	\N
cmq8a6tmq000m1455od12c28o	cmq8a6tmk000l1455k9p1j66a	cmq8a6d6n000k1455lza8yo8k	JEANS CLUB	1	25	\N
cmq8a9utc000q1455dnj6ez6s	cmq8a9ut6000p1455akrj7k46	cmpfrjwwt001ot455e6jlrsoa	SOLUTION	1	0.5	\N
cmq8azvk0000u14558zs98wfb	cmq8azvjt000t14550tsa29hv	cmozg7xx700050g55ng3z43du	SKF	1	35	\N
cmq95k60p0002nk554k7hmliv	cmq95k5zb0001nk55kit7dwzs	cmp2fee0600024o5564qqbcz4	cr39	1	10	\N
cmq9j6oqa0007nk55po4h34m3	cmq9j6opy0006nk55vuh02n11	cmoyj6e0b000w68553a9t1z4d	SWING FRAME	1	13	\N
cmq9mqum1000cnk55l0xarrgc	cmq9mqulw000bnk559aer64n7	cmpldv592000aiw55d7jingw2	READING GLASS	1	8	\N
cmq9ri1wx000ink55oqzvyzqi	cmq9ri1wr000hnk55kyhz6u5i	cmq5k27gs000td8550keif54z	OPTICALL	1	20	\N
cmq9rjjgq000knk55x5f74kbp	cmq9rjjgk000jnk55k6o3u4f0	cmozg08ll00000g552qvggtvl	SKF	1	15	\N
cmq9t52os000qnk55aph23lse	cmq9t52om000pnk55pcifbxzg	cmozg7xx700050g55ng3z43du	SKF	1	30	\N
cmqb3h3jk00020w5576pjgdl3	cmqb3h3ie00010w55vm2jepkb	cmovgckny0008ug5546a6cymo	TAN DISIGN SG	1	30	\N
cmqc37c8w00080w55ttsq6f1n	cmqc37c8b00070w55ggpx63n8	cmpieuw4c000uvw558qq2vgp8	ALEXANTRY	1	20	\N
cmqc383j5000a0w55zri1e10i	cmqc383j100090w55653bph9c	cmozg08ll00000g552qvggtvl	SKF	2	25	\N
cmqc419ai000g0w556ww5aggv	cmqc419ad000f0w5570ij2yft	cmqc40kqb000e0w55oh2a725v	FITTING	1	0.5	\N
cmqcevsvo00037055fxw4pqvt	cmqcevsv600027055602m7yv2	cmplfp3tf000iiw55ltwmcnxx	PACINO	1	20	\N
cmqcewof000057055e60c65or	cmqcewoeu00047055fcl67b3b	cmozg7xx700050g55ng3z43du	SKF	1	30	\N
cmqcmmfhy000b7055lotwrsbz	cmqcmmfhl000a7055qmrhkvyf	cmozg08ll00000g552qvggtvl	SKF	1	20	\N
cmqcpxdeh0003l0552e62jy0y	cmqcpxdeb0002l055x42bobp6	cmplfp3tf000iiw55ltwmcnxx	PACINO	1	10	\N
cmqcpxxpj0005l055ynh1jr88	cmqcpxxpd0004l0551vbbubk6	cmozg08ll00000g552qvggtvl	SKF	1	25	\N
cmqe14idb0003hw55il71x753	cmqe14icq0002hw55cjagk0p3	cmozg08ll00000g552qvggtvl	SKF	1	25	\N
cmqe15li50006hw55q7zvfb3n	cmqe15li00005hw559ci2kaua	cmqe156060004hw554oarmea4	CABALLO	1	20	\N
cmqe3mpoz000ahw55wtamg2lq	cmqe3mpos0009hw5530n4t2ac	cmp0w20ds0005gg55fmxzhjqm	CL	1	16.5	\N
cmqe3pl0i000fhw55kvj1ut8s	cmqe3pl0c000ehw550dt7nx4t	cmpldv592000aiw55d7jingw2	READING GLASS	1	8	\N
cmqety0xe0002o855c548dml3	cmqety0vm0001o855ca2x0ol7	cmpfrjwwt001ot455e6jlrsoa	SOLUTION	1	1	\N
cmqez41s40007o855hwbhf16v	cmqez41rs0006o855f7i9wcwd	cmpfcyu3a000ot455ao7ok5v4	FITTING.SCREW/CORD	1	0.5	\N
cmqgqi0wi00044c55vtwjm8ne	cmqgqi0vx00034c55c91qhkyu	cmozg1kf700010g55qyfapli1	SKF	1	35	\N
cmqhqknqg00017w55ame9yyte	cmqhqknpx00007w55ri4ulam6	cmozg7xx700050g55ng3z43du	SKF	1	30	\N
cmqjab92t0002nw556cihkufa	cmqjab92b0001nw55mbgaeaoy	cmozg7xx700050g55ng3z43du	SKF	1	28	\N
cmqjadp0k0004nw55zzyttkwt	cmqjadp0e0003nw55bqvoyf32	cmozhf7x2000d0g55hodqfral	SKF	1	28	\N
cmqjaytyp000anw55u0yb72pj	cmqjaytyk0009nw55hxvx1ars	cmoyj6e0b000w68553a9t1z4d	SWING FRAME	1	20	\N
cmqjb3vg3000enw55e5ns4vvl	cmqjb3vfx000dnw55jfn2ooyi	cmplfp3tf000iiw55ltwmcnxx	PACINO	1	16	\N
cmqjb4lpl000gnw55tf8rvgps	cmqjb4lpf000fnw559sfag2pk	cmozhf7x2000d0g55hodqfral	SKF	3	28	\N
cmqjmgor3000knw55tebhx9ah	cmqjmgoqx000jnw55rjwbqfuy	cmpwwmrtm000ec855xgui51ay	BELLA ELITE	1	10	\N
cmqkzovaf0002v8551wmrndh5	cmqkzov9r0001v855evb20moo	cmpfm1vks001gt455g3y74m1r	ODYSEY	1	25	\N
cmqny633g00021s5558euqxcq	cmqny632t00011s55bnk2mao3	cmovs51ma0002vw55807pkedf	T 39	1	10	\N
cmqny6ric00041s5523z6b8wb	cmqny6ri700031s559dmgr4vi	cmozg08ll00000g552qvggtvl	SKF	1	18	\N
cmqnyulc6000a1s555mdx45d9	cmqnyulc100091s55b9nisxgc	cmozr165v00120g55y1455e1u	CL	1	17	\N
cmqp5ytgk0003bs55y07pt38s	cmqp5ytfh0002bs55jfhkw943	cmpzein0a0001k055iwbnwarc	BELLA DAILY	1	7.5	\N
cmqrrjro100035055kkas1m8f	cmqrrjrnd00025055s7n0guu5	cmqrrj3uu00015055vg72oc0y	SWING FRAME	1	33	\N
cmqtl3y2d0002kw55tj98l07i	cmqtl3y1t0001kw55zvzeuxb5	cmpfrjwwt001ot455e6jlrsoa	SOLUTION CL	1	1.5	\N
cmqwh98mm0003ng55sfn8r4w7	cmqwh98m10002ng559ur7y8q6	cmqwh8n0u0001ng55xky8yv1l	forever sg	1	12.5	\N
cmqwl2t210006ng55klf7u1mb	cmqwl2t1v0005ng55mag1rl37	cmpzein0a0001k055iwbnwarc	BELLA DAILY	1	7	\N
cmqxxghj400027455lq0pg814	cmqxxghik00017455u06jth5z	cmozg7xx700050g55ng3z43du	SKF	1	35	\N
cmqy0avpf00077455jmc24x13	cmqy0avpa00067455k2uo0qjv	cmpfrjwwt001ot455e6jlrsoa	SOLUTION	1	1	\N
cmqy0bsep00097455kt3xqyj2	cmqy0bsek00087455q5pv16ok	cmpfcyu3a000ot455ao7ok5v4	CORD	1	1	\N
cmqy0rxvw000e7455jxfsw6be	cmqy0rxvr000d74559ibnoxhd	cmpfrjwwt001ot455e6jlrsoa	SOLUTION	1	1	\N
cmqy39bqa000i74558t5jev2l	cmqy39bq4000h7455prkabq6y	cmqrrj3uu00015055vg72oc0y	SWING FRAME	1	20	\N
cmqy3pfpu00019w559igdb4gn	cmqy3pfpn00009w55mwqcgap4	cmozg08ll00000g552qvggtvl	SKF	1	20	\N
cmqyuy5bj00028455nxeh5gyb	cmqyuy5aa000184557olmwr0e	cmoyg81r7000n685548e9p76t	TD	1	27	\N
cmqyvhn1c00078455ymbe2cyc	cmqyvhn1700068455r6etz87c	cmoyg72pl000m6855kqjjdl8d	TD	1	27	\N
cmqz0c3hb000d84559q0a5qnv	cmqz0c3h5000c8455f46hi37c	cmpfm0m3y001ft455j1359h66	ESSILOR	1	80	\N
cmqzda6s7000i8455gqp31mlf	cmqzda6s2000h84556xqrw416	cmoyg81r7000n685548e9p76t	TD	1	25	\N
cmqzh48cw000p8455f7t9y1h3	cmqzh48cq000o8455rqczy3xo	cmqzh2q6v000n8455s5j3d4s5	CL OASYS MOTHLY FORASTIGMATISM	2	22	\N
cmr0e82uw0004uw55iup5e68s	cmr0e82ur0003uw55bfhowb82	cmpzejgcc0002k055m7ytbhik	BELLA DAILY	1	7.5	\N
\.


--
-- Data for Name: Payment; Type: TABLE DATA; Schema: public; Owner: postgres
--

COPY public."Payment" (id, "invoiceId", amount, method, date, notes) FROM stdin;
cmou88ztq001dvk55h356xhxx	cmou88cyq001cvk555r3i8r5b	10	KNET	2026-05-06 15:43:48.062	
cmouaz6mw001kvk55gwytkp4e	cmouahb8o001jvk55f01ykx8n	25	Cash	2026-05-06 17:00:09.176	
cmouazn09001lvk55on2rb615	cmou8a4n9001evk55jufvwydv	300	KNET	2026-05-06 17:00:30.393	
cmox99ail000bj055vlm4jmom	cmox96ou7000aj055nuf1vjrd	33	Cash	2026-05-08 18:35:20.06	
cmox9a7cr000cj055ug71kw6f	cmox96ou7000aj055nuf1vjrd	20	Cash	2026-05-08 18:36:02.619	
cmoykqmza001668557mvux2kr	cmoyccjei000068559fptvy0y	151	Cash	2026-05-09 16:44:31.318	
cmp2fi2n600094o55b1qabz5y	cmp2fhn3d00084o55tnq6q4lb	45	KNET	2026-05-12 09:28:58.338	
cmp2ihmxg000a4o55zk9egd0d	cmozy680z00170g55vlmxovzi	5	Cash	2026-05-12 10:52:36.819	
cmp2v1tzj001n4o55oo7q2j9z	cmp2v1tzd001m4o55w0kb2vs6	40	Cash	2026-05-12 16:44:14.479	Initial payment
cmp3reble000r2855x356hegi	cmp3rebl3000q2855b3ghxinn	25	KNET	2026-05-13 07:49:44.882	Initial payment
cmp3unnzi000w2855nuu07kmo	cmp3unnzd000v285565sl36oh	1	Cash	2026-05-13 09:20:59.694	Initial payment
cmp465klb00162855we173gas	cmp465kl500152855c0x6rsi4	90	KNET	2026-05-13 14:42:50.879	Initial payment
cmp5op7a900057855yt9nopyq	cmp5op79z000478559lonj7cc	20	KNET	2026-05-14 16:09:46.017	Initial payment
cmp5sbmjd000h7855erywpt5k	cmp5sbmj7000g7855iu7bkomw	19	KNET	2026-05-14 17:51:11.065	Initial payment
cmp8ha4k3000774559p3v4lh9	cmp8ha4jv00067455qgh21n19	18	KNET	2026-05-16 15:05:23.859	Initial payment
cmpbbqthn00058c55c8oprjsw	cmpbbqthe00048c55ytuuapyz	25	KNET	2026-05-18 14:53:43.499	Initial payment
cmpbg0uw800098c553ux3zz49	cmpbg0uw200088c55vh4mhx0k	1	Cash	2026-05-18 16:53:30.344	Initial payment
cmpch2sx200054c556pdbf82s	cmpch2sws00044c55y056mo1u	28	KNET	2026-05-19 10:10:46.886	Initial payment
cmpcxvbp1000l4c55w70pul11	cmpcxvbow000k4c553m0qtjac	20	Cash	2026-05-19 18:00:51.445	Initial payment
cmpd03f1w000q4c552l32su86	cmpd035df000p4c557ld9xhcg	25	KNET	2026-05-19 19:03:08.276	
cmpdwvhct000de855vdyzti0e	cmpdwv7gv000ce8554bakew42	8	KNET	2026-05-20 10:20:45.34	
cmpfd2963000st4551gy7c1un	cmpfd1xte000rt45537il4m3z	0.5	Cash	2026-05-21 10:41:41.354	
cmpfm5pf6001mt455yjh0fukg	cmpfm50yx001lt455bf8duttr	105	KNET	2026-05-21 14:56:18.929	
cmpfrlcfg001st4550c2jj9t3	cmpfrl4io001rt455a2m80gjg	1.5	KNET	2026-05-21 17:28:26.668	
cmpi9s1n9000rvw55lu2wr2ht	cmpi9rpi4000qvw559q11oh8x	50	KNET	2026-05-23 11:33:04.724	
cmpiew5jy000yvw55sl6dqmp0	cmpievwvi000xvw559321ldnd	30	KNET	2026-05-23 13:56:14.494	
cmpijva3r0006js55vzuagrjl	cmpijv07c0005js55dyo94rx3	7.5	KNET	2026-05-23 16:15:31.814	
cmpio1ny9000fjs55w6gbz1xz	cmpio1g0t000ejs555jyefc7n	45	KNET	2026-05-23 18:12:28.16	
cmpio6sin000njs55xbo49564	cmpio6lns000mjs55ueav83kw	73	KNET	2026-05-23 18:16:27.359	
cmpjkih9f000qhw552ie3no54	cmpjkih94000phw55zp83te0s	35	Cash	2026-05-24 09:21:20.355	Initial payment
cmpl3bi1s0004iw550e4pxz5j	cmpl3bi1i0003iw55cum5dhkd	0.5	Cash	2026-05-25 10:55:33.664	Initial payment
cmplb64fw0009iw55xwaedrns	cmplb64fp0008iw553q6hij6a	0.5	Cash	2026-05-25 14:35:19.676	Initial payment
cmpldwzya000fiw55aubl3d6f	cmpldwzxx000eiw55zkkr8yaq	10	Cash	2026-05-25 15:52:12.802	Initial payment
cmplfrmsy000oiw559u78r6jg	cmplfrmss000niw55fyb3uuxp	58	KNET	2026-05-25 16:44:01.714	Initial payment
cmplj1zuv0004fw5552ox1biu	cmplj1zuo0003fw55ziouomy1	10	KNET	2026-05-25 18:16:04.039	Initial payment
cmpmayojd0005rc557fcxdd5x	cmpmayoj60004rc55asl04azz	0.5	KNET	2026-05-26 07:17:18.649	Initial payment
cmppl4lj40004vw5527otkap1	cmppl4eht0003vw55iefxrqr6	5	KNET	2026-05-28 14:25:09.375	
cmpplb5le000cvw55qyow24vy	cmpplawpb000bvw55drpxmd27	50	Cash	2026-05-28 14:30:15.314	
cmppn9jtl000kvw55b851b2cz	cmppn96ii000jvw55aahw82og	50	KNET	2026-05-28 15:24:59.673	
cmpr046gh00052w55tti0w2gj	cmpr046g800042w55cq6dchi7	1	Cash	2026-05-29 14:12:30.257	Initial payment
cmpsgx3bs0008ps55gnp5wf2c	cmpsgx3bk0007ps55ds8tzad8	65	KNET	2026-05-30 14:50:39.256	Initial payment
cmptlw9uc0007ow55v0t756uf	cmptlw3dc0006ow55l36zmur5	55	KNET	2026-05-31 09:57:45.3	
cmpuw38az00043o55u7gfqsbt	cmpuw38ab00033o55ujvf1lbe	0.5	KNET	2026-06-01 07:30:52.235	Initial payment
cmpv4z77s00053o55llbbrq12	cmpu135mj000cow55k25ahjkw	15	Cash	2026-06-01 11:39:40.743	
cmpvgdl28000c3o552srbkn2z	cmpvgdep7000b3o55zs119gxf	4	KNET	2026-06-01 16:58:47.648	
cmpvgijfa000g3o559ye0lvrx	cmpvgidh5000f3o55tjxodea4	15	Cash	2026-06-01 17:02:38.806	
cmpwso7p0000ac855vxoynxld	cmpwso7ou0009c855yc1nlc2f	30	KNET	2026-06-02 15:30:45.109	Initial payment
cmpwsspbg000bc855pe8tt84j	cmpwrtpym0004c855wpaxkmfk	30	KNET	2026-06-02 15:34:14.571	
cmpzencux0008k055nzhimkoq	cmpzencup0007k055qtqbbtdz	15	KNET	2026-06-04 11:21:29.049	Initial payment
cmq17uxe3000a2s554k37mrpt	cmq17unqz00092s55d9xchi52	200	KNET	2026-06-05 17:46:57.29	
cmq2e4oye0008fs55j8x8dtap	cmq2e4oy80007fs55i66kc7yj	25	KNET	2026-06-06 13:30:16.79	Initial payment
cmq3h1iil0000ms552qsj89kf	cmpznwson000bk055gmtu9dc1	10	KNET	2026-06-07 07:39:33.496	
cmq3idyt00004ms55plarmtfr	cmq3idyss0003ms55zvj71pru	28	Cash	2026-06-07 08:17:14.1	Initial payment
cmq4y22fq0005d855fsyolcif	cmq4y1ssm0004d8558xp195j2	7.5	KNET	2026-06-08 08:23:38.966	
cmq598rb6000bd855jl78qcwn	cmq598gna000ad855b2hecwzh	35	Cash	2026-06-08 13:36:46.913	
cmq5gnzd2000gd855m9b4fkm3	cmq5gnzcm000fd855cgzy6a9f	28	Cash	2026-06-08 17:04:34.502	Initial payment
cmq5j8wtv000md855xq9lfj67	cmq5j8wtp000ld855iuxest9b	8.5	KNET	2026-06-08 18:16:50.227	Initial payment
cmq5jma3c000rd8555acfa9n9	cmq5jma38000qd8555mejeca4	1.5	KNET	2026-06-08 18:27:13.944	Initial payment
cmq5k2xee000xd855t51drcde	cmq5k2xe4000wd855ddosvxvo	5	KNET	2026-06-08 18:40:10.646	Initial payment
cmq69znhw0000pk55hc814zu3	cmq23bngo0003fs555wvn0zdv	28	KNET	2026-06-09 06:45:27.855	
cmq6df54a0006pk55yeqdk8aa	cmq6df53g0005pk55jjry66d4	15	KNET	2026-06-09 08:21:29.386	Initial payment
cmq6dhwxh000bpk550gks2254	cmq6dhwx9000apk55060g2gyp	1	Cash	2026-06-09 08:23:38.741	Initial payment
cmq7srpea000814553z5vf6mp	cmq6df53g0005pk55jjry66d4	13	KNET	2026-06-10 08:18:55.954	
cmq7y2202000d1455w1x4oe7z	cmq7y1wpv000c1455f673i0cm	10	KNET	2026-06-10 10:46:56.93	
cmq8a3hz2000h1455k6xs08fm	cmq8a3hyb000g1455cmqs6hqn	15	KNET	2026-06-10 16:23:59.678	Initial payment
cmq8a3y3w000i14552l5pag3a	cmq8a3hyb000g1455cmqs6hqn	30	KNET	2026-06-10 16:24:20.588	
cmq8a7arm000o1455nqhv51a1	cmq8a7are000n1455a4j3xkis	25	KNET	2026-06-10 16:26:56.962	Initial payment
cmq8aabxr000s1455dqhx70iw	cmq8aabxk000r1455iwqc786j	0.5	Cash	2026-06-10 16:29:18.447	Initial payment
cmq8b0k7i000w1455pr8q4uce	cmq8b0k7b000v1455hbpu0zzn	35	KNET	2026-06-10 16:49:42.222	Initial payment
cmq95ki4r0004nk55odrkjo2z	cmq95ki440003nk5517e0ybm7	10	KNET	2026-06-11 07:05:01.131	Initial payment
cmq9j7v1n0009nk55r9ttwe05	cmq9j7npj0008nk552ofkv4d3	13	Cash	2026-06-11 13:27:05.962	
cmq9mrgmo000enk55boqsh8vs	cmq9mra3f000dnk550wnot111	8	Cash	2026-06-11 15:06:19.248	
cmq9rkicv000mnk5541iemldu	cmq9rkico000lnk55o28q6ubq	40	KNET	2026-06-11 17:20:52.975	Initial payment
cmq9t5i1l000snk557aq7xhpb	cmq9t5i1e000rnk55mi41ijr6	30	KNET	2026-06-11 18:05:11.961	Initial payment
cmqb3hssa00040w55w5n6zsjs	cmqb3hsrd00030w55f2brldxj	30	KNET	2026-06-12 15:42:28.09	Initial payment
cmqc38ngl000c0w55vfnx4ahm	cmqc38nfv000b0w55tpoa23l6	70	Cash	2026-06-13 08:23:07.461	Initial payment
cmqc41qff000i0w55b73t3ia5	cmqc41qf7000h0w55rqb7a4fa	0.5	Cash	2026-06-13 08:45:44.331	Initial payment
cmqcex6kq0007705566msxv90	cmqcex6k60006705598oif0nz	50	Cash	2026-06-13 13:50:07.754	Initial payment
cmqcmn0k5000d7055welfq21y	cmqcmn0jy000c70556yyp12pz	20	KNET	2026-06-13 17:26:10.325	Initial payment
cmqcpycei0007l055jcq7lsd4	cmqcpyce90006l055yr9y81ek	30	Cash	2026-06-13 18:58:57.738	Initial payment
cmqe1601h0008hw55z7rf2208	cmqe15zym0007hw550zlg03nx	20	Cash	2026-06-14 17:00:36.917	Initial payment
cmqe3njif000chw55y3mwhv3m	cmqe3nji8000bhw55b8kh86xl	16.5	KNET	2026-06-14 18:10:14.535	Initial payment
cmqe3qati000hhw55xrip7gs6	cmqe3qata000ghw55zcz581wf	8	KNET	2026-06-14 18:12:23.238	Initial payment
cmqetyfs30004o855br3aln9k	cmqetyfrc0003o855df8tztwd	1	KNET	2026-06-15 06:26:32.931	Initial payment
cmqez4z5k0009o8557dv9vzrn	cmqez4agf0008o85564g74ifd	0.5	Cash	2026-06-15 08:51:36.056	
cmqgqihgc00064c55ff5vj6nt	cmqgqihfn00054c55qojag9ja	35	KNET	2026-06-16 14:25:42.108	Initial payment
cmqjaer8i0006nw55hnouunix	cmqjae2wk0005nw55rr9v3ezt	56	KNET	2026-06-18 00:00:00	\N
cmqjb5xu9000inw55t4uzdc82	cmqjb5xu1000hnw55uzsy6eqn	50	KNET	2026-06-18 09:39:21.105	Initial payment
cmqjmia1o000mnw554v7vx8k5	cmqjmia1g000lnw55716446vz	10	Cash	2026-06-18 14:56:52.572	Initial payment
cmqjrvocu000pnw551dx0iedp	cmqjb5xu1000hnw55uzsy6eqn	70	KNET	2026-06-18 00:00:00	\N
cmqkzpata0004v855000vq6os	cmqkzpasm0003v855m33l3jfr	25	KNET	2026-06-19 13:54:01.342	Initial payment
cmqny7cgo00061s55sxqnpoql	cmqny7cfv00051s55gt1uw0os	28	KNET	2026-06-21 15:35:22.584	Initial payment
cmqnyv4fd000c1s55t52ubq2u	cmqnyv4f5000b1s55wuu8swo2	17	KNET	2026-06-21 15:53:51.913	Initial payment
cmqo2y8ob000f1s55u4oe6bdi	cmqhql0v600027w55ra4n0n9y	30	Cash	2026-06-21 00:00:00	\N
cmqoxmpv00000bs55hfyd217v	cmqe15zym0007hw550zlg03nx	25	Cash	2026-06-22 00:00:00	\N
cmqp5z5rp0005bs55c89v7do7	cmqp5z5r30004bs55wanl123s	7.5	KNET	2026-06-22 12:00:43.765	Initial payment
cmqrrk91h00055055rsva0el2	cmqrrk90p00045055ycg4xfqv	33	KNET	2026-06-24 07:40:32.069	Initial payment
cmqtl57qd0004kw55ar1a2sav	cmqtl57pc0003kw556cam0si7	1.5	Cash	2026-06-25 14:16:25.189	Initial payment
cmqwl3y9l0008ng55zxmf4zj4	cmqwl3y8u0007ng55zimidnfe	7	KNET	2026-06-27 16:38:44.793	Initial payment
cmqxxh8r500047455ydszzqqp	cmqxxh8nq00037455htdsazgb	35	KNET	2026-06-28 15:12:46.481	Initial payment
cmqy0c8sc000b7455c5tjm7xt	cmqy0c8s5000a7455s0c9s4tg	2	KNET	2026-06-28 16:32:52.092	Initial payment
cmqy0s824000g745580sq5s13	cmqy0s820000f7455qb49ztsd	1	KNET	2026-06-28 16:45:17.644	Initial payment
cmqy3sv4l00049w553n56recs	cmqy3sv4b00039w5544kgh7oh	20	KNET	2026-06-28 18:09:46.389	Initial payment
cmqyuyk7q00048455d6z3zfha	cmqyuyk7000038455iev7ckry	27	KNET	2026-06-29 06:50:01.814	Initial payment
cmqyvi4k1000984557qky9jrz	cmqyvi4ju00088455ou0qzhcm	27	KNET	2026-06-29 07:05:14.641	Initial payment
cmqz0cn75000f845596ow8v1u	cmqz0cn6w000e84552fgsl1z6	45	KNET	2026-06-29 09:20:56.945	Initial payment
cmqzdan58000k8455somehk1y	cmqzdan50000j8455ybo3vivo	25	KNET	2026-06-29 15:23:18.572	Initial payment
cmqzi5q8q0000co55a4vy9chc	cmqy3sv4b00039w5544kgh7oh	20	KNET	2026-06-29 00:00:00	\N
cmr0e8rft0006uw55x7bardjs	cmr0e8rf10005uw551qp9vkuo	7.5	KNET	2026-06-30 08:37:36.617	Initial payment
\.


--
-- Data for Name: User; Type: TABLE DATA; Schema: public; Owner: postgres
--

COPY public."User" (id, name, email, "passwordHash", role, "isActive", "createdAt", "updatedAt") FROM stdin;
cmoq1lv5i000112vutj5jbill	Staff Member	staff@optivision.com	$2a$10$.EDLQhje6o9TP/ZnHfL6z.Xi2b0DJHf9boJBD1Qgq6I8kUHOTQPXi	EMPLOYEE	t	2026-05-03 17:26:46.518	2026-05-08 18:05:38.534
cmox85fji0002j055n6y1wh9g	SUHINA	suhinavasby@gmail.com	$2a$10$35bXxW/bN0oJ2eVMM8ajZecOw28wt7.zjYZeMQXB0ai7gYFJHSrS6	EMPLOYEE	t	2026-05-08 18:04:20.334	2026-05-08 18:10:54.733
cmoycvyjv00016855e0gjp0r7	renjinik sreekumar	renjini123@gmail.com	$2a$10$gwF8.CmjXWXwE.c0m/fVHeUZiD9KejzNgrwVEJJWV4NG8s/CXHeo2	EMPLOYEE	t	2026-05-09 13:04:42.667	2026-05-09 13:04:42.667
cmoq1lv59000012vudvqlayxu	Admin User	admin@optivision.com	$2a$10$IxitYvptjTACcnFqvhPPU.q7IoCvCZHWWPBYyh39N/IgfhHYSqZ.S	ADMIN	t	2026-05-03 17:26:46.509	2026-06-02 18:12:01.026
\.


--
-- Data for Name: _prisma_migrations; Type: TABLE DATA; Schema: public; Owner: postgres
--

COPY public._prisma_migrations (id, checksum, finished_at, migration_name, logs, rolled_back_at, started_at, applied_steps_count) FROM stdin;
690fe4f0-07bf-4692-84c9-1ec13bb0c0d0	111888a3c68fbf2859ca3c96474f0e3f1d82ca580cd923ab2d925d56036d4660	2026-05-03 20:26:36.013968+03	20260503172635_init	\N	\N	2026-05-03 20:26:35.338255+03	1
\.


--
-- Name: Customer Customer_pkey; Type: CONSTRAINT; Schema: public; Owner: postgres
--

ALTER TABLE ONLY public."Customer"
    ADD CONSTRAINT "Customer_pkey" PRIMARY KEY (id);


--
-- Name: Examination Examination_pkey; Type: CONSTRAINT; Schema: public; Owner: postgres
--

ALTER TABLE ONLY public."Examination"
    ADD CONSTRAINT "Examination_pkey" PRIMARY KEY (id);


--
-- Name: InventoryItem InventoryItem_pkey; Type: CONSTRAINT; Schema: public; Owner: postgres
--

ALTER TABLE ONLY public."InventoryItem"
    ADD CONSTRAINT "InventoryItem_pkey" PRIMARY KEY (id);


--
-- Name: Invoice Invoice_pkey; Type: CONSTRAINT; Schema: public; Owner: postgres
--

ALTER TABLE ONLY public."Invoice"
    ADD CONSTRAINT "Invoice_pkey" PRIMARY KEY (id);


--
-- Name: OrderItem OrderItem_pkey; Type: CONSTRAINT; Schema: public; Owner: postgres
--

ALTER TABLE ONLY public."OrderItem"
    ADD CONSTRAINT "OrderItem_pkey" PRIMARY KEY (id);


--
-- Name: Order Order_pkey; Type: CONSTRAINT; Schema: public; Owner: postgres
--

ALTER TABLE ONLY public."Order"
    ADD CONSTRAINT "Order_pkey" PRIMARY KEY (id);


--
-- Name: Payment Payment_pkey; Type: CONSTRAINT; Schema: public; Owner: postgres
--

ALTER TABLE ONLY public."Payment"
    ADD CONSTRAINT "Payment_pkey" PRIMARY KEY (id);


--
-- Name: User User_pkey; Type: CONSTRAINT; Schema: public; Owner: postgres
--

ALTER TABLE ONLY public."User"
    ADD CONSTRAINT "User_pkey" PRIMARY KEY (id);


--
-- Name: _prisma_migrations _prisma_migrations_pkey; Type: CONSTRAINT; Schema: public; Owner: postgres
--

ALTER TABLE ONLY public._prisma_migrations
    ADD CONSTRAINT _prisma_migrations_pkey PRIMARY KEY (id);


--
-- Name: InventoryItem_sku_key; Type: INDEX; Schema: public; Owner: postgres
--

CREATE UNIQUE INDEX "InventoryItem_sku_key" ON public."InventoryItem" USING btree (sku);


--
-- Name: User_email_key; Type: INDEX; Schema: public; Owner: postgres
--

CREATE UNIQUE INDEX "User_email_key" ON public."User" USING btree (email);


--
-- Name: Customer Customer_parentId_fkey; Type: FK CONSTRAINT; Schema: public; Owner: postgres
--

ALTER TABLE ONLY public."Customer"
    ADD CONSTRAINT "Customer_parentId_fkey" FOREIGN KEY ("parentId") REFERENCES public."Customer"(id) ON UPDATE CASCADE ON DELETE SET NULL;


--
-- Name: Examination Examination_customerId_fkey; Type: FK CONSTRAINT; Schema: public; Owner: postgres
--

ALTER TABLE ONLY public."Examination"
    ADD CONSTRAINT "Examination_customerId_fkey" FOREIGN KEY ("customerId") REFERENCES public."Customer"(id) ON UPDATE CASCADE ON DELETE CASCADE;


--
-- Name: Invoice Invoice_createdById_fkey; Type: FK CONSTRAINT; Schema: public; Owner: postgres
--

ALTER TABLE ONLY public."Invoice"
    ADD CONSTRAINT "Invoice_createdById_fkey" FOREIGN KEY ("createdById") REFERENCES public."User"(id) ON UPDATE CASCADE ON DELETE SET NULL;


--
-- Name: Invoice Invoice_customerId_fkey; Type: FK CONSTRAINT; Schema: public; Owner: postgres
--

ALTER TABLE ONLY public."Invoice"
    ADD CONSTRAINT "Invoice_customerId_fkey" FOREIGN KEY ("customerId") REFERENCES public."Customer"(id) ON UPDATE CASCADE ON DELETE RESTRICT;


--
-- Name: OrderItem OrderItem_inventoryItemId_fkey; Type: FK CONSTRAINT; Schema: public; Owner: postgres
--

ALTER TABLE ONLY public."OrderItem"
    ADD CONSTRAINT "OrderItem_inventoryItemId_fkey" FOREIGN KEY ("inventoryItemId") REFERENCES public."InventoryItem"(id) ON UPDATE CASCADE ON DELETE SET NULL;


--
-- Name: OrderItem OrderItem_orderId_fkey; Type: FK CONSTRAINT; Schema: public; Owner: postgres
--

ALTER TABLE ONLY public."OrderItem"
    ADD CONSTRAINT "OrderItem_orderId_fkey" FOREIGN KEY ("orderId") REFERENCES public."Order"(id) ON UPDATE CASCADE ON DELETE CASCADE;


--
-- Name: Order Order_createdById_fkey; Type: FK CONSTRAINT; Schema: public; Owner: postgres
--

ALTER TABLE ONLY public."Order"
    ADD CONSTRAINT "Order_createdById_fkey" FOREIGN KEY ("createdById") REFERENCES public."User"(id) ON UPDATE CASCADE ON DELETE SET NULL;


--
-- Name: Order Order_customerId_fkey; Type: FK CONSTRAINT; Schema: public; Owner: postgres
--

ALTER TABLE ONLY public."Order"
    ADD CONSTRAINT "Order_customerId_fkey" FOREIGN KEY ("customerId") REFERENCES public."Customer"(id) ON UPDATE CASCADE ON DELETE RESTRICT;


--
-- Name: Order Order_examinationId_fkey; Type: FK CONSTRAINT; Schema: public; Owner: postgres
--

ALTER TABLE ONLY public."Order"
    ADD CONSTRAINT "Order_examinationId_fkey" FOREIGN KEY ("examinationId") REFERENCES public."Examination"(id) ON UPDATE CASCADE ON DELETE SET NULL;


--
-- Name: Order Order_invoiceId_fkey; Type: FK CONSTRAINT; Schema: public; Owner: postgres
--

ALTER TABLE ONLY public."Order"
    ADD CONSTRAINT "Order_invoiceId_fkey" FOREIGN KEY ("invoiceId") REFERENCES public."Invoice"(id) ON UPDATE CASCADE ON DELETE SET NULL;


--
-- Name: Payment Payment_invoiceId_fkey; Type: FK CONSTRAINT; Schema: public; Owner: postgres
--

ALTER TABLE ONLY public."Payment"
    ADD CONSTRAINT "Payment_invoiceId_fkey" FOREIGN KEY ("invoiceId") REFERENCES public."Invoice"(id) ON UPDATE CASCADE ON DELETE CASCADE;


--
-- PostgreSQL database dump complete
--

\unrestrict wIlQu8hHg0PHDcPBGiRNoPD2dK0ZTTfFHbxbhL3qUf33aTad9PSJLh2qPN3xS7P

